2018-02-02,23990,24000,23760,23920
2018-02-01,23960,24160,23870,24080
2018-01-31,23830,24030,23760,23770
2018-01-30,24230,24230,23880,23940
2018-01-29,24400,24440,24230,24290
2018-01-26,24450,24470,24250,24300
2018-01-25,24410,24490,24300,24340
2018-01-24,24680,24740,24570,24630
2018-01-23,24600,24800,24580,24790
2018-01-22,24470,24470,24340,24470
2018-01-19,24500,24540,24400,24450
2018-01-18,24770,24780,24360,24430
2018-01-17,24430,24550,24400,24530
2018-01-16,24390,24620,24350,24610
2018-01-15,24460,24490,24340,24370
2018-01-12,24410,24410,24240,24310
2018-01-11,24330,24400,24250,24360
2018-01-10,24490,24520,24410,24440
2018-01-09,24650,24650,24450,24510
2018-01-05,24280,24390,24170,24370
2018-01-04,23770,24150,23770,24150
2017-12-29,23480,23510,23370,23410
2017-12-28,23550,23590,23360,23390
2017-12-27,23510,23570,23500,23530
2017-12-26,23530,23540,23470,23490
2017-12-25,23500,23550,23470,23540
2017-12-22,23440,23510,23410,23480
2017-12-21,23460,23500,23330,23470
2017-12-20,23440,23540,23410,23500
2017-12-19,23570,23610,23470,23480
2017-12-18,23370,23530,23340,23520
2017-12-15,23220,23360,23080,23160
2017-12-14,23330,23390,23240,23300
2017-12-13,23500,23500,23290,23360
2017-12-12,23540,23600,23440,23490
2017-12-11,23500,23550,23390,23550
2017-12-08,23210,23430,23150,23430
2017-12-07,22950,23120,22910,23090
2017-12-06,23140,23140,22700,22770
2017-12-05,23200,23280,23120,23220
2017-12-04,23460,23470,23300,23330
2017-12-01,23550,23610,23280,23440
2017-11-30,23200,23360,23120,23350
2017-11-29,23230,23250,23140,23200
2017-11-28,23060,23190,22960,23090
2017-11-27,23260,23270,23020,23100
2017-11-24,23010,23170,22970,23140
2017-11-22,23240,23290,23120,23140
2017-11-21,23070,23170,23020,23040
2017-11-20,22910,23020,22810,22860
2017-11-17,23230,23370,22920,23010
2017-11-16,22580,22990,22570,22960
2017-11-15,22860,22900,22600,22640
2017-11-14,22960,23150,22920,22990
2017-11-13,23220,23230,22970,22970
2017-11-10,23190,23330,23110,23300
2017-11-09,23620,24010,23120,23470
2017-11-08,23450,23540,23370,23540
2017-11-07,23120,23570,23120,23560
2017-11-06,23220,23260,23030,23140
2017-11-02,23110,23140,23000,23140
2017-11-01,22770,23060,22760,23010
2017-10-31,22440,22610,22410,22580
2017-10-30,22610,22670,22490,22590
2017-10-27,22440,22610,22390,22590
2017-10-26,22280,22370,22270,22320
2017-10-25,22480,22500,22220,22300
2017-10-24,22220,22380,22210,22370
2017-10-23,22310,22310,22190,22260
2017-10-20,21940,22060,21920,22010
2017-10-19,22040,22080,21950,22000
2017-10-18,21930,21970,21870,21940
2017-10-17,21920,21960,21790,21900
2017-10-16,21790,21920,21750,21830
2017-10-13,21500,21780,21480,21720
2017-10-12,21510,21540,21470,21490
2017-10-11,21350,21450,21340,21440
2017-10-10,21210,21380,21210,21370
2017-10-06,21270,21270,21210,21250
2017-10-05,21190,21200,21150,21170
2017-10-04,21190,21230,21130,21170
2017-10-03,21000,21170,20980,21150
2017-10-02,20940,20940,20890,20940
2017-09-29,20840,20900,20820,20870
2017-09-28,20930,20940,20840,20920
2017-09-27,20790,20820,20750,20820
2017-09-26,20750,20790,20700,20710
2017-09-25,20830,20860,20770,20790
2017-09-22,20790,20820,20660,20700
2017-09-21,20870,20900,20740,20760
2017-09-20,20700,20750,20660,20710
2017-09-19,20530,20720,20530,20690
2017-09-15,20170,20340,20170,20310
2017-09-14,20270,20320,20190,20220
2017-09-13,20270,20290,20240,20260
2017-09-12,20120,20190,20100,20170
2017-09-11,19840,19960,19820,19940
2017-09-08,19740,19750,19620,19660
2017-09-07,19830,19870,19760,19790
2017-09-06,19690,19760,19650,19760
2017-09-05,19950,19950,19750,19790
2017-09-04,20000,20020,19880,19900
2017-09-01,20130,20130,20020,20090
2017-08-31,19980,20090,19970,20050
2017-08-30,19870,19930,19830,19910
2017-08-29,19700,19770,19670,19770
2017-08-28,19880,19910,19800,19850
2017-08-25,19780,19870,19760,19850
2017-08-24,19750,19820,19730,19740
2017-08-23,19930,19940,19790,19820
2017-08-22,19750,19820,19740,19780
2017-08-21,19880,19880,19740,19790
2017-08-18,19860,19930,19810,19860
2017-08-17,20080,20120,20060,20080
2017-08-16,20120,20160,20110,20130
2017-08-15,20070,20220,20060,20160
2017-08-14,19950,19980,19880,19910
2017-08-10,20200,20220,20080,20110
2017-08-09,20320,20320,20050,20130
2017-08-08,20440,20470,20370,20380
2017-08-07,20460,20480,20430,20450
2017-08-04,20370,20370,20330,20340
2017-08-03,20450,20470,20390,20420
2017-08-02,20460,20500,20420,20490
2017-08-01,20330,20390,20320,20380
2017-07-31,20340,20370,20310,20320
2017-07-28,20430,20430,20320,20340
2017-07-27,20430,20580,20410,20460
2017-07-26,20510,20510,20420,20450
2017-07-25,20360,20430,20330,20360
2017-07-24,20370,20390,20290,20370
2017-07-21,20490,20520,20470,20500
2017-07-20,20430,20550,20420,20540
2017-07-19,20380,20420,20340,20420
2017-07-18,20460,20470,20330,20390
2017-07-14,20520,20540,20490,20530
2017-07-13,20560,20580,20460,20500
2017-07-12,20520,20540,20460,20500
2017-07-11,20470,20600,20470,20580
2017-07-10,20460,20530,20420,20490
2017-07-07,20280,20380,20250,20340
2017-07-06,20460,20470,20340,20400
2017-07-05,20420,20480,20290,20470
2017-07-04,20900,20900,20650,20710
2017-07-03,20720,20780,20710,20730
2017-06-30,20710,20730,20630,20720
2017-06-29,20950,20960,20890,20900
2017-06-28,20830,20910,20800,20830
2017-06-27,20890,20920,20850,20880
2017-06-26,20780,20860,20770,20810
2017-06-23,20800,20810,20740,20790
2017-06-22,20800,20850,20760,20770
2017-06-21,20840,20880,20780,20790
2017-06-20,20890,20990,20890,20890
2017-06-19,20620,20750,20610,20740
2017-06-16,20580,20670,20550,20610
2017-06-15,20490,20630,20410,20500
2017-06-14,20630,20670,20550,20550
2017-06-13,20510,20590,20510,20560
2017-06-12,20560,20610,20490,20570
2017-06-09,20630,20760,20590,20680
2017-06-08,20720,20730,20560,20580
2017-06-07,20620,20690,20570,20630
2017-06-06,20800,20810,20600,20640
2017-06-05,20780,20890,20760,20830
2017-06-02,20610,20910,20610,20860
2017-06-01,20320,20540,20320,20500
2017-05-31,20270,20330,20240,20300
2017-05-30,20330,20340,20210,20330
2017-05-29,20340,20390,20270,20330
2017-05-26,20440,20450,20330,20350
2017-05-25,20370,20510,20370,20450
2017-05-24,20420,20430,20340,20390
2017-05-23,20290,20350,20230,20270
2017-05-22,20350,20380,20270,20340
2017-05-19,20240,20280,20140,20250
2017-05-18,20160,20250,20090,20200
2017-05-17,20460,20500,20420,20460
2017-05-16,20590,20660,20520,20580
2017-05-15,20410,20520,20400,20510
2017-05-12,20560,20600,20450,20530
2017-05-11,20610,20650,20550,20620
2017-05-10,20540,20600,20510,20570
2017-05-09,20560,20580,20490,20490
2017-05-08,20370,20590,20350,20540
2017-05-02,19970,20100,19970,20070
2017-05-01,19840,19940,19840,19930
2017-04-28,19870,19890,19780,19830
2017-04-27,19840,19900,19830,19870
2017-04-26,19810,19910,19790,19900
2017-04-25,19480,19730,19470,19700
2017-04-24,19520,19540,19450,19490
2017-04-21,19190,19250,19140,19240
2017-04-20,19060,19120,19020,19050
2017-04-19,18940,19070,18920,19050
2017-04-18,19100,19160,18960,19020
2017-04-17,18840,18970,18820,18970
2017-04-14,18960,19020,18880,18920
2017-04-13,19000,19070,18910,19050
2017-04-12,19200,19210,19070,19160
2017-04-11,19310,19390,19270,19350
2017-04-10,19410,19470,19380,19430
2017-04-07,19360,19390,19120,19300
2017-04-06,19380,19420,19140,19220
2017-04-05,19510,19560,19390,19490
2017-04-04,19550,19570,19320,19420
2017-04-03,19590,19700,19540,19610
2017-03-31,19800,19840,19540,19540
2017-03-30,19800,19840,19660,19670
2017-03-29,19840,19880,19780,19840
2017-03-28,19630,19690,19590,19670
2017-03-27,19550,19590,19420,19480
2017-03-24,19590,19800,19550,19750
2017-03-23,19570,19610,19460,19600
2017-03-22,19590,19680,19520,19550
2017-03-21,19920,20000,19840,19960
2017-03-17,20010,20050,19990,20020
2017-03-16,19960,20130,19950,20090
2017-03-15,20040,20090,20000,20090
2017-03-14,20150,20150,20100,20110
2017-03-13,20040,20170,20040,20130
2017-03-10,20000,20130,19950,20110
2017-03-09,19860,19860,19770,19820
2017-03-08,19820,19840,19690,19760
2017-03-07,19830,19880,19820,19840
2017-03-06,19920,19920,19840,19890
2017-03-03,20060,20090,19890,19980
2017-03-02,20150,20180,20060,20060
2017-03-01,19720,19920,19660,19910
2017-02-28,19720,19770,19630,19630
2017-02-27,19650,19680,19490,19660
2017-02-24,19750,19890,19710,19800
2017-02-23,19860,19870,19750,19870
2017-02-22,19930,19930,19820,19860
2017-02-21,19760,19890,19760,19860
2017-02-20,19670,19760,19600,19740
2017-02-17,19720,19760,19650,19730
2017-02-16,19910,19920,19750,19820
2017-02-15,19960,19990,19920,19920
2017-02-14,19980,19990,19720,19740
2017-02-13,20000,20020,19910,19960
2017-02-10,19730,19890,19690,19860
2017-02-09,19430,19470,19350,19390
2017-02-08,19420,19490,19350,19470
2017-02-07,19320,19460,19290,19400
2017-02-06,19580,19590,19390,19450
2017-02-03,19500,19550,19310,19400
2017-02-02,19660,19660,19350,19410
2017-02-01,19420,19640,19400,19640
2017-01-31,19610,19680,19520,19540
2017-01-30,19850,19880,19790,19860
2017-01-27,19960,19980,19890,19930
2017-01-26,19740,19900,19720,19870
2017-01-25,19570,19630,19460,19510
2017-01-24,19290,19400,19260,19290
2017-01-23,19450,19520,19360,19400
2017-01-20,19540,19680,19530,19630
2017-01-19,19550,19620,19470,19580
2017-01-18,19240,19430,19130,19400
2017-01-17,19560,19560,19310,19320
2017-01-16,19710,19740,19550,19610
2017-01-13,19660,19790,19650,19790
2017-01-12,19760,19780,19560,19640
2017-01-11,19860,19890,19830,19860
2017-01-10,19910,19980,19750,19820
2017-01-06,19850,19980,19830,19950
2017-01-05,20100,20120,19960,20020
2017-01-04,19790,20100,19780,20080
2016-12-30,19480,19670,19470,19580
2016-12-29,19810,19810,19580,19630
2016-12-28,19910,19950,19860,19920
2016-12-27,19840,19960,19830,19870
2016-12-26,19880,19910,19860,19870
2016-12-22,19890,19890,19800,19880
2016-12-21,20000,20070,19840,19920
2016-12-20,19840,19990,19830,19960
2016-12-19,19790,19870,19770,19870
2016-12-16,19890,19920,19820,19860
2016-12-15,19800,19910,19650,19740
2016-12-14,19750,19760,19650,19710
2016-12-13,19550,19730,19520,19720
2016-12-12,19680,19750,19520,19620
2016-12-09,19240,19510,19240,19480
2016-12-08,19140,19220,19060,19210
2016-12-07,18890,18950,18850,18940
2016-12-06,18910,18950,18760,18810
2016-12-05,18790,18820,18680,18730
2016-12-02,18890,18930,18760,18870
2016-12-01,19050,19210,18910,18960
2016-11-30,18800,18820,18720,18740
2016-11-29,18680,18770,18680,18750
2016-11-28,18750,18820,18660,18800
2016-11-25,18850,18940,18740,18840
2016-11-24,18800,18840,18760,18780
2016-11-22,18510,18620,18490,18600
2016-11-21,18490,18580,18450,18540
2016-11-18,18490,18500,18420,18420
2016-11-17,18220,18320,18210,18300
2016-11-16,18290,18340,18250,18320
2016-11-15,18130,18150,18040,18100
2016-11-14,17920,18140,17900,18100
2016-11-11,17950,18050,17750,17800
2016-11-10,17740,17820,17530,17750
2016-11-09,17730,17870,16500,16720
2016-11-08,17680,17680,17550,17590
2016-11-07,17590,17620,17490,17610
2016-11-04,17400,17410,17230,17320
2016-11-02,17680,17710,17500,17570
2016-11-01,17830,17910,17760,17880
2016-10-31,17790,17860,17750,17860
2016-10-28,17870,17890,17830,17880
2016-10-27,17780,17840,17700,17760
2016-10-26,17740,17820,17720,17800
2016-10-25,17750,17810,17730,17810
2016-10-24,17680,17680,17590,17660
2016-10-21,17690,17720,17580,17620
2016-10-20,17400,17660,17400,17640
2016-10-19,17370,17440,17360,17410
2016-10-18,17280,17390,17260,17380
2016-10-17,17270,17360,17240,17330
2016-10-14,17180,17290,17150,17290
2016-10-13,17350,17400,17150,17180
2016-10-12,17280,17370,17250,17270
2016-10-11,17350,17490,17350,17440
2016-10-07,17280,17310,17230,17280
2016-10-06,17330,17390,17290,17310
2016-10-05,17190,17250,17130,17240
2016-10-04,17070,17150,17040,17110
2016-10-03,16990,17060,16960,17000
2016-09-30,16900,16900,16800,16860
2016-09-29,17020,17170,17000,17100
2016-09-28,16900,16920,16780,16860
2016-09-27,16680,16960,16570,16960
2016-09-26,17000,17000,16790,16810
2016-09-23,17060,17100,17010,17040
2016-09-21,16760,17110,16650,17110
2016-09-20,16700,16880,16680,16770
2016-09-16,16750,16820,16710,16820
2016-09-15,16810,16820,16650,16700
2016-09-14,16910,17000,16890,16910
2016-09-13,17070,17080,16950,17020
2016-09-12,17070,17100,16890,16960
2016-09-09,17290,17320,17200,17280
2016-09-08,17290,17300,17140,17270
2016-09-07,17200,17320,17200,17320
2016-09-06,17340,17400,17330,17370
2016-09-05,17420,17450,17310,17320
2016-09-02,17180,17240,17140,17220
2016-09-01,17180,17250,17160,17220
2016-08-31,17160,17210,17130,17180
2016-08-30,17000,17050,16970,17050
2016-08-29,16970,17060,16960,17030
2016-08-26,16780,16780,16610,16660
2016-08-25,16860,16920,16800,16850
2016-08-24,16870,16930,16820,16850
2016-08-23,16820,16950,16730,16760
2016-08-22,16880,16910,16820,16880
2016-08-19,16850,16900,16730,16830
2016-08-18,16920,17000,16760,16780
2016-08-17,16890,17060,16880,17040
2016-08-16,17190,17190,16890,16890
2016-08-15,17160,17220,17130,17130
2016-08-12,17130,17240,17100,17190
2016-08-10,16980,17110,16940,16990
2016-08-09,16920,17060,16910,17040
2016-08-08,16800,16930,16770,16920
2016-08-05,16530,16630,16500,16530
2016-08-04,16410,16550,16180,16520
2016-08-03,16460,16560,16320,16360
2016-08-02,16740,16820,16660,16670
2016-08-01,16650,16960,16600,16910
2016-07-29,16720,16990,16420,16850
2016-07-28,16860,16890,16720,16770
2016-07-27,16850,17120,16820,16950
2016-07-26,16820,16830,16590,16670
2016-07-25,16940,17060,16890,16910
2016-07-22,16850,16970,16840,16880
2016-07-21,17170,17230,17020,17080
2016-07-20,16920,16980,16830,16940
2016-07-19,16900,17020,16800,17010
2016-07-15,16740,16890,16690,16780
2016-07-14,16530,16690,16500,16670
2016-07-13,16750,16760,16480,16490
2016-07-12,16310,16530,16300,16350
2016-07-11,15740,16090,15740,15980
2016-07-08,15560,15680,15370,15390
2016-07-07,15640,15700,15500,15550
2016-07-06,15680,15700,15440,15650
2016-07-05,16230,16260,16140,16200
2016-07-04,16100,16370,16100,16330
2016-07-01,16260,16320,16170,16220
2016-06-30,16310,16340,16140,16150
2016-06-29,16100,16170,15930,16110
2016-06-28,15620,15990,15510,15880
2016-06-27,15680,15850,15570,15840
2016-06-24,16890,16950,15350,15450
2016-06-23,16660,16810,16590,16760
2016-06-22,16650,16700,16520,16600
2016-06-21,16400,16750,16300,16690
2016-06-20,16400,16580,16390,16490
2016-06-17,16220,16320,16110,16150
2016-06-16,16400,16450,15910,15960
2016-06-15,16320,16540,16270,16480
2016-06-14,16530,16640,16300,16400
2016-06-13,16840,16870,16580,16590
2016-06-10,17190,17200,17050,17140
2016-06-09,17280,17350,17150,17210
2016-06-08,17270,17380,17130,17380
2016-06-07,17200,17270,17090,17230
2016-06-06,16910,17140,16860,17140
2016-06-03,17170,17280,17110,17200
2016-06-02,17380,17390,17080,17120
2016-06-01,17670,17730,17470,17500
2016-05-31,17570,17840,17560,17800
2016-05-30,17540,17640,17470,17640
2016-05-27,17410,17470,17350,17400
2016-05-26,17510,17540,17290,17320
2016-05-25,17360,17390,17280,17330
2016-05-24,17150,17160,17010,17040
2016-05-23,17240,17260,16970,17210
2016-05-20,17160,17340,17110,17300
2016-05-19,17360,17410,17140,17210
2016-05-18,17150,17370,17070,17210
2016-05-17,17200,17230,17060,17220
2016-05-16,16990,17190,16960,17000
2016-05-13,17270,17360,16940,16970
2016-05-12,16990,17230,16910,17210
2016-05-11,17310,17380,17080,17130
2016-05-10,16840,17150,16770,17150
2016-05-09,16770,16830,16690,16780
2016-05-06,16740,16820,16520,16650
2016-05-02,16520,16700,16490,16680
2016-04-28,18050,18170,17100,17220
2016-04-27,17970,18000,17800,17900
2016-04-26,17950,18020,17770,17910
2016-04-25,18210,18220,17980,18030
2016-04-22,17770,18160,17760,18130
2016-04-21,17850,17960,17130,17910
2016-04-20,17600,17680,17430,17470
2016-04-19,17290,17470,17290,17440
2016-04-18,16840,16980,16790,16820
2016-04-15,17290,17500,17280,17390
2016-04-14,17200,17480,17160,17460
2016-04-13,16710,16950,16680,16920
2016-04-12,16270,16500,16220,16460
2016-04-11,16300,16320,16040,16300
2016-04-08,16000,16570,15990,16370
2016-04-07,16240,16400,16140,16270
2016-04-06,16240,16360,16120,16240
2016-04-05,16600,16610,16220,16250
2016-04-04,16630,16780,16570,16640
2016-04-01,17290,17290,16650,16710
2016-03-31,17580,17610,17310,17320
2016-03-30,17620,17640,17430,17450
2016-03-29,17530,17700,17500,17660
2016-03-28,17550,17610,17390,17530
2016-03-25,17380,17460,17320,17420
2016-03-24,17380,17480,17280,17330
2016-03-23,17500,17580,17400,17460
2016-03-22,17400,17560,17280,17460
2016-03-18,17330,17360,17040,17150
2016-03-17,17550,17690,17240,17370
2016-03-16,17430,17550,17390,17420
2016-03-15,17690,17740,17480,17550
2016-03-14,17600,17750,17590,17660
2016-03-11,17030,17460,16990,17380
2016-03-10,17240,17320,17130,17290
2016-03-09,17070,17150,16930,17090
2016-03-08,17330,17350,17000,17200
2016-03-07,17480,17480,17330,17360
2016-03-04,17360,17490,17300,17430
2016-03-03,17120,17400,17120,17380
2016-03-02,16960,17250,16890,17160
2016-03-01,16440,16520,16260,16490
2016-02-29,16760,16890,16470,16480
2016-02-26,16730,16900,16600,16600
2016-02-25,16370,16640,16360,16580
2016-02-24,16250,16410,16140,16300
2016-02-23,16610,16770,16400,16460
2016-02-22,16230,16600,16210,16510
2016-02-19,16410,16440,16190,16390
2016-02-18,16720,16760,16510,16600
2016-02-17,16390,16620,16020,16250
2016-02-16,16260,16760,16220,16460
2016-02-15,15950,16570,15890,16430
2016-02-12,15600,15680,15250,15340
2016-02-10,16560,16580,15820,16090
2016-02-09,16770,16820,16440,16520
2016-02-08,17020,17530,16970,17430
2016-02-05,17240,17330,17050,17260
2016-02-04,17470,17650,17370,17480
2016-02-03,17850,17910,17520,17650
2016-02-02,18120,18320,18120,18200
2016-02-01,18300,18370,18150,18320
2016-01-29,17530,18200,17170,18020
2016-01-28,17490,17680,17370,17490
2016-01-27,17470,17690,17390,17580
2016-01-26,17240,17270,17070,17130
2016-01-25,17600,17660,17350,17540
2016-01-22,17030,17430,16880,17400
2016-01-21,16900,17170,16430,16450
2016-01-20,17470,17470,16810,16870
2016-01-19,17340,17530,17240,17500
2016-01-18,17230,17480,17090,17390
2016-01-15,17970,18060,17500,17590
2016-01-14,17670,17730,17380,17700
2016-01-13,17910,18180,17910,18180
2016-01-12,17900,18020,17640,17700
2016-01-08,18100,18450,18000,18190
2016-01-07,18610,18650,18230,18230
2016-01-06,18870,18950,18530,18670
2016-01-05,18870,19030,18800,18850
2016-01-04,19300,19440,18860,18950
2015-12-30,19580,19600,19510,19520
2015-12-29,19350,19480,19270,19470
2015-12-28,19320,19420,19240,19370
2015-12-25,19300,19350,19200,19210
2015-12-24,19570,19580,19250,19270
2015-12-22,19390,19420,19290,19370
2015-12-21,19330,19460,19110,19420
2015-12-18,19810,20390,19450,19500
2015-12-17,19900,19990,19790,19840
2015-12-16,19370,19530,19340,19510
2015-12-15,19350,19370,19030,19070
2015-12-14,19240,19380,19060,19360
2015-12-11,19520,19770,19490,19690
2015-12-10,19550,19610,19500,19510
2015-12-09,19870,19960,19730,19790
2015-12-08,20210,20260,19960,19990
2015-12-07,20220,20300,20150,20180
2015-12-04,20080,20140,19930,20000
2015-12-03,20370,20460,20340,20430
2015-12-02,20430,20480,20410,20430
2015-12-01,20320,20470,20290,20460
2015-11-30,20350,20370,20180,20230
2015-11-27,20480,20490,20310,20360
2015-11-26,20420,20480,20410,20420
2015-11-25,20340,20360,20270,20330
2015-11-24,20370,20440,20320,20410
2015-11-20,20300,20340,20200,20340
2015-11-19,20360,20450,20250,20340
2015-11-18,20240,20330,20130,20140
2015-11-17,20150,20210,20110,20130
2015-11-16,19720,19930,19700,19850
2015-11-13,19990,20090,19860,20060
2015-11-12,20110,20210,20080,20180
2015-11-11,20090,20210,20080,20180
2015-11-10,19920,20170,19910,20140
2015-11-09,19880,20180,19880,20110
2015-11-06,19660,19770,19640,19730
2015-11-05,19490,19640,19460,19580
2015-11-04,19490,19620,19380,19390
2015-11-02,19290,19330,19100,19150
2015-10-30,19380,19680,19240,19550
2015-10-29,19530,19550,19270,19390
2015-10-28,19300,19400,19280,19370
2015-10-27,19420,19430,19220,19230
2015-10-26,19520,19560,19390,19390
2015-10-23,19300,19380,19270,19300
2015-10-22,18870,19030,18820,18900
2015-10-21,18630,19070,18620,19000
2015-10-20,18710,18720,18600,18660
2015-10-19,18750,18770,18530,18610
2015-10-16,18730,18850,18680,18730
2015-10-15,18250,18630,18190,18510
2015-10-14,18570,18580,18280,18350
2015-10-13,18780,18820,18680,18730
2015-10-09,18630,18900,18630,18870
2015-10-08,18750,18860,18570,18590
2015-10-07,18610,18820,18480,18800
2015-10-06,18800,18820,18540,18560
2015-10-05,18380,18520,18310,18450
2015-10-02,18010,18210,17960,18160
2015-10-01,17930,18270,17820,18170
2015-09-30,17660,17890,17600,17770
2015-09-29,17820,17820,17330,17370
2015-09-28,18250,18280,17990,18130
2015-09-25,17940,18200,17810,18200
2015-09-24,18060,18160,17930,17940
2015-09-18,18630,18630,18390,18460
2015-09-17,18720,18810,18630,18760
2015-09-16,18580,18640,18430,18530
2015-09-15,18410,18660,18300,18340
2015-09-14,18690,18690,18230,18310
2015-09-11,18430,18690,18420,18600
2015-09-10,18440,18650,18270,18640
2015-09-09,18350,19070,18320,19050
2015-09-08,18260,18310,17740,17740
2015-09-07,18010,18350,17800,18190
2015-09-04,18620,18650,17920,18130
2015-09-03,18730,18830,18510,18530
2015-09-02,18230,18830,18180,18450
2015-09-01,19090,19120,18550,18560
2015-08-31,19370,19380,19100,19230
2015-08-28,19360,19560,19290,19480
2015-08-27,19060,19160,18830,18900
2015-08-26,18150,18780,18060,18710
2015-08-25,18320,19190,18080,18180
2015-08-24,19420,19470,18830,18940
2015-08-21,20010,20080,19790,19820
2015-08-20,20570,20620,20400,20410
2015-08-19,20850,20880,20570,20580
2015-08-18,21000,21030,20910,20910
2015-08-17,20950,21040,20890,20970
2015-08-14,20870,20970,20840,20890
2015-08-13,20760,21000,20650,20960
2015-08-12,21000,21060,20650,20760
2015-08-11,21260,21310,20930,21080
2015-08-10,20990,21170,20970,21150
2015-08-07,21000,21110,20930,21090
2015-08-06,21130,21180,21020,21020
2015-08-05,20850,21080,20830,20990
2015-08-04,20800,20910,20800,20860
2015-08-03,20890,20920,20760,20900
2015-07-31,20870,20940,20830,20930
2015-07-30,20820,20950,20820,20900
2015-07-29,20680,20700,20570,20650
2015-07-28,20520,20800,20430,20710
2015-07-27,20740,20860,20640,20730
2015-07-24,20960,21000,20890,20900
2015-07-23,21040,21070,21020,21030
2015-07-22,21000,21040,20940,20970
2015-07-21,21120,21220,21090,21200
2015-07-17,21030,21030,20980,21010
2015-07-16,20960,20980,20890,20970
2015-07-15,20830,20860,20770,20830
2015-07-14,20740,20810,20690,20730
2015-07-13,20320,20500,20280,20460
2015-07-10,20190,20350,20070,20170
2015-07-09,19790,20210,19470,20210
2015-07-08,20660,20690,20140,20140
2015-07-07,20760,20810,20730,20760
2015-07-06,20560,20700,20390,20560
2015-07-03,21080,21180,21040,21150
2015-07-02,21170,21220,21090,21130
2015-07-01,20910,20960,20850,20940
2015-06-30,20750,20860,20710,20850
2015-06-29,20770,20960,20680,20730
2015-06-26,21370,21400,21260,21320
2015-06-25,21380,21460,21350,21380
2015-06-24,21480,21560,21430,21480
2015-06-23,21120,21390,21120,21390
2015-06-22,20740,21020,20740,21010
2015-06-19,20740,20780,20650,20750
2015-06-18,20770,20790,20570,20580
2015-06-17,20890,20910,20710,20800
2015-06-16,20910,20950,20810,20850
2015-06-15,20800,20990,20800,20960
2015-06-12,21020,21030,20920,20990
2015-06-11,20760,20960,20760,20960
2015-06-10,20720,20850,20600,20630
2015-06-09,20900,20930,20690,20710
2015-06-08,21130,21150,20950,21040
2015-06-05,21000,21070,20950,21050
2015-06-04,21160,21160,21020,21050
2015-06-03,21010,21100,20980,21060
2015-06-02,21190,21220,21050,21130
2015-06-01,21050,21190,20990,21160
2015-05-29,21090,21240,21080,21170
2015-05-28,21180,21250,21060,21140
2015-05-27,20950,21100,20940,21050
2015-05-26,21010,21050,20970,21050
2015-05-25,20920,21010,20900,20980
2015-05-22,20800,20870,20700,20850
2015-05-21,20800,20910,20750,20750
2015-05-20,20740,20860,20730,20780
2015-05-19,20550,20670,20510,20610
2015-05-18,20310,20460,20310,20450
2015-05-15,20280,20320,20190,20260
2015-05-14,20220,20290,20120,20150
2015-05-13,20130,20360,20060,20320
2015-05-12,20160,20200,20030,20180
2015-05-11,20220,20250,20150,20190
2015-05-08,19930,20020,19860,19970
2015-05-07,19920,20020,19820,19860
2015-05-01,20090,20120,19960,20080
2015-04-30,20350,20360,20060,20100
2015-04-28,20650,20700,20590,20630
2015-04-27,20620,20620,20450,20530
2015-04-24,20680,20700,20560,20580
2015-04-23,20780,20810,20680,20760
2015-04-22,20550,20700,20530,20680
2015-04-21,20270,20460,20230,20460
2015-04-20,20090,20280,20030,20170
2015-04-17,20360,20370,20190,20220
2015-04-16,20400,20450,20290,20430
2015-04-15,20400,20470,20380,20410
2015-04-14,20370,20480,20370,20450
2015-04-13,20510,20540,20370,20460
2015-04-10,20540,20560,20390,20490
2015-04-09,20390,20500,20370,20470
2015-04-08,20270,20400,20230,20330
2015-04-07,20070,20220,20040,20170
2015-04-06,19820,19970,19770,19920
2015-04-03,19850,19970,19830,19970
2015-04-02,19650,19960,19640,19840
2015-04-01,19720,19740,19450,19590
2015-03-31,20130,20150,19800,19810
2015-03-30,19830,20020,19760,19960
2015-03-27,19920,20150,19620,19820
2015-03-26,20060,20070,19830,19910
2015-03-25,20170,20220,19970,20200
2015-03-24,20160,20210,20080,20160
2015-03-23,20090,20220,20070,20210
2015-03-20,19940,20000,19840,20000
2015-03-19,19930,20000,19740,19930
2015-03-18,19850,20000,19820,19990
2015-03-17,19830,19920,19800,19890
2015-03-16,19660,19780,19640,19670
2015-03-13,19560,19750,19530,19680
2015-03-12,19200,19430,19180,19400
2015-03-11,18990,19250,18980,19140
2015-03-10,19320,19340,18980,19080
2015-03-09,19300,19310,19150,19220
2015-03-06,19240,19400,19230,19390
2015-03-05,19090,19180,19060,19170
2015-03-04,19130,19150,19000,19120
2015-03-03,19330,19330,19140,19230
2015-03-02,19280,19400,19190,19220
2015-02-27,19260,19280,19130,19220
2015-02-26,19000,19210,19000,19210
2015-02-25,19040,19060,18960,19000
2015-02-24,18870,19010,18830,18990
2015-02-23,18890,18910,18800,18870
2015-02-20,18710,18760,18690,18720
2015-02-19,18620,18720,18620,18650
2015-02-18,18480,18600,18470,18580
2015-02-17,18330,18400,18280,18380
2015-02-16,18400,18460,18370,18390
2015-02-13,18290,18360,18250,18310
2015-02-12,18320,18390,18300,18350
2015-02-10,18020,18060,17930,18040
2015-02-09,18170,18190,18040,18100
2015-02-06,18080,18100,17990,18010
2015-02-05,17980,18010,17860,17890
2015-02-04,17960,18130,17920,18050
2015-02-03,18050,18050,17660,17720
2015-02-02,17900,18020,17850,17940
2015-01-30,18160,18190,18050,18060
2015-01-29,18010,18170,17960,17970
2015-01-28,17980,18240,17970,18190
2015-01-27,18020,18150,18010,18140
2015-01-26,17670,17860,17660,17840
2015-01-23,17900,17920,17840,17870
2015-01-22,17690,17730,17600,17700
2015-01-21,17680,17710,17560,17660
2015-01-20,17440,17740,17440,17740
2015-01-19,17390,17420,17280,17380
2015-01-16,17120,17240,16950,17240
2015-01-15,17220,17510,17210,17480
2015-01-14,17320,17410,17130,17170
2015-01-13,17330,17460,17190,17440
2015-01-09,17740,17740,17510,17570
2015-01-08,17440,17630,17390,17560
2015-01-07,17140,17350,17130,17270
2015-01-06,17430,17470,17250,17270
2015-01-05,17720,17930,17590,17780
2014-12-30,18100,18110,17830,17850
2014-12-29,18290,18300,17890,18130
2014-12-26,18160,18230,18150,18210
2014-12-25,18150,18200,18130,18150
2014-12-24,18210,18240,18170,18200
2014-12-22,18040,18060,17940,18000
2014-12-19,17910,17980,17830,17970
2014-12-18,17570,17640,17520,17570
2014-12-17,17030,17240,17010,17190
2014-12-16,17210,17250,17060,17090
2014-12-15,17450,17630,17390,17470
2014-12-12,17680,17900,17650,17760
2014-12-11,17520,17650,17400,17640
2014-12-10,17970,18010,17670,17790
2014-12-09,18150,18270,18140,18170
2014-12-08,18360,18410,18240,18300
2014-12-05,18200,18300,18140,18300
2014-12-04,18260,18300,18190,18250
2014-12-03,18140,18260,18070,18090
2014-12-02,17830,18060,17830,18030
2014-12-01,17820,18020,17810,17960
2014-11-28,17680,17840,17680,17810
2014-11-27,17680,17710,17570,17610
2014-11-26,17710,17800,17690,17770
2014-11-25,17850,17860,17720,17770
2014-11-21,17630,17750,17460,17730
2014-11-20,17780,17780,17630,17670
2014-11-19,17730,17840,17640,17660
2014-11-18,17560,17720,17550,17710
2014-11-17,17750,17780,17240,17340
2014-11-14,17820,17870,17660,17850
2014-11-13,17540,17770,17470,17750
2014-11-12,17610,17820,17520,17580
2014-11-11,17220,17520,17200,17460
2014-11-10,17100,17180,17060,17130
2014-11-07,17300,17310,17180,17230
2014-11-06,17360,17420,17070,17150
2014-11-05,17120,17350,17120,17310
2014-11-04,17130,17480,17090,17200
2014-10-31,16150,16860,16150,16730
2014-10-30,15940,16030,15910,16000
2014-10-29,15730,15920,15720,15870
2014-10-28,15660,15700,15580,15640
2014-10-27,15730,15750,15650,15710
2014-10-24,15700,15700,15550,15620
2014-10-23,15430,15560,15370,15470
2014-10-22,15390,15520,15320,15500
2014-10-21,15430,15430,15070,15130
2014-10-20,15230,15430,15210,15430
2014-10-17,15100,15150,14840,14860
2014-10-16,15020,15120,14980,15060
2014-10-15,15340,15410,15230,15390
2014-10-14,15270,15430,15250,15290
2014-10-10,15630,15680,15560,15640
2014-10-09,16000,16070,15800,15820
2014-10-08,15900,15980,15850,15940
2014-10-07,16150,16250,16090,16130
2014-10-06,16220,16310,16140,16230
2014-10-03,15950,16050,15900,16040
2014-10-02,16240,16270,15980,16020
2014-10-01,16500,16570,16420,16420
2014-09-30,16570,16580,16390,16510
2014-09-29,16670,16690,16610,16640
2014-09-26,16430,16600,16420,16590
2014-09-25,16580,16610,16550,16610
2014-09-24,16320,16460,16320,16420
2014-09-22,16500,16540,16400,16460
2014-09-19,16420,16610,16410,16560
2014-09-18,16260,16350,16240,16320
2014-09-17,16200,16210,16130,16130
2014-09-16,16160,16180,16110,16150
2014-09-12,16180,16230,16060,16180
2014-09-11,16120,16170,16090,16140
2014-09-10,15910,16040,15900,16030
2014-09-09,16040,16050,15970,15990
2014-09-08,15970,15980,15900,15930
2014-09-05,16040,16050,15880,15910
2014-09-04,15950,15980,15900,15920
2014-09-03,16010,16070,15960,15970
2014-09-02,15770,15980,15750,15900
2014-09-01,15690,15720,15680,15720
2014-08-29,15650,15680,15590,15670
2014-08-28,15720,15720,15660,15700
2014-08-27,15780,15830,15710,15770
2014-08-26,15830,15840,15750,15750
2014-08-25,15830,15860,15780,15840
2014-08-22,15850,15860,15760,15780
2014-08-21,15750,15840,15750,15810
2014-08-20,15720,15730,15660,15680
2014-08-19,15680,15710,15650,15690
2014-08-18,15580,15590,15530,15550
2014-08-15,15530,15560,15500,15550
2014-08-14,15510,15570,15500,15530
2014-08-13,15360,15470,15330,15450
2014-08-12,15380,15470,15360,15400
2014-08-11,15310,15390,15200,15350
2014-08-08,15270,15300,14980,15010
2014-08-07,15380,15480,15290,15470
2014-08-06,15500,15500,15350,15410
2014-08-05,15740,15740,15540,15570
2014-08-04,15710,15770,15670,15700
2014-08-01,15720,15840,15720,15770
2014-07-31,15990,16000,15850,15850
2014-07-30,15880,15910,15820,15870
2014-07-29,15800,15870,15790,15870
2014-07-28,15650,15790,15650,15770
2014-07-25,15580,15690,15570,15690
2014-07-24,15570,15610,15460,15500
2014-07-23,15590,15610,15540,15560
2014-07-22,15520,15620,15510,15560
2014-07-18,15400,15450,15340,15450
2014-07-17,15660,15700,15580,15600
2014-07-16,15600,15660,15590,15610
2014-07-15,15580,15670,15580,15630
2014-07-14,15420,15570,15420,15540
2014-07-11,15350,15440,15330,15400
2014-07-10,15540,15570,15450,15470
2014-07-09,15420,15540,15420,15540
2014-07-08,15540,15640,15460,15560
2014-07-07,15680,15720,15620,15620
2014-07-04,15750,15760,15650,15690
2014-07-03,15840,15850,15750,15790
2014-07-02,15830,15870,15780,15790
2014-07-01,15610,15820,15570,15750
2014-06-30,15580,15610,15470,15580
2014-06-27,15730,15730,15450,15530
2014-06-26,15760,15770,15700,15740
2014-06-25,15710,15770,15680,15680
2014-06-24,15730,15850,15670,15790
2014-06-23,15830,15870,15750,15790
2014-06-20,15750,15840,15720,15750
2014-06-19,15560,15790,15550,15780
2014-06-18,15410,15560,15410,15540
2014-06-17,15380,15430,15360,15380
2014-06-16,15460,15470,15270,15360
2014-06-13,15250,15540,15220,15500
2014-06-12,15350,15400,15260,15380
2014-06-11,15400,15490,15400,15480
2014-06-10,15540,15600,15370,15390
2014-06-09,15600,15630,15530,15530
2014-06-06,15530,15550,15450,15480
2014-06-05,15520,15560,15420,15500
2014-06-04,15500,15500,15390,15460
2014-06-03,15470,15500,15430,15440
2014-06-02,15190,15380,15170,15330
2014-05-30,15110,15150,14980,15030
2014-05-29,14990,15120,14970,15080
2014-05-28,15030,15120,15000,15080
2014-05-27,14980,15140,14980,15030
2014-05-26,14970,15000,14920,14980
2014-05-23,14780,14920,14780,14850
2014-05-22,14570,14770,14530,14730
2014-05-21,14370,14450,14350,14440
2014-05-20,14490,14540,14430,14460
2014-05-19,14540,14560,14380,14410
2014-05-16,14480,14500,14400,14500
2014-05-15,14670,14710,14580,14680
2014-05-14,14790,14820,14740,14810
2014-05-13,14770,14860,14770,14820
2014-05-12,14580,14630,14520,14540
2014-05-09,14500,14670,14480,14600
2014-05-08,14550,14650,14490,14560
2014-05-07,14670,14680,14440,14450
2014-05-02,14840,14870,14800,14850
2014-05-01,14730,14880,14730,14880
2014-04-30,14820,14820,14660,14680
2014-04-28,14670,14720,14600,14680
2014-04-25,14760,14960,14710,14850
2014-04-24,14950,14960,14760,14810
2014-04-23,14890,14950,14850,14950
2014-04-22,14980,15000,14770,14770
2014-04-21,14930,15050,14900,14900
2014-04-18,14880,14930,14840,14900
2014-04-17,14790,14900,14740,14820
2014-04-16,14560,14800,14540,14800
2014-04-15,14480,14500,14350,14400
2014-04-14,14260,14400,14260,14320
2014-04-11,14310,14420,14260,14340
2014-04-10,14900,14920,14630,14720
2014-04-09,14850,14910,14680,14720
2014-04-08,15130,15150,15000,15030
2014-04-07,15270,15310,15180,15210
2014-04-04,15400,15510,15400,15480
2014-04-03,15420,15590,15390,15470
2014-04-02,15290,15490,15290,15350
2014-04-01,15230,15270,15150,15190
2014-03-31,15240,15250,15120,15210
2014-03-28,14950,15120,14920,15100
2014-03-27,14650,15070,14620,15030
2014-03-26,14790,14860,14690,14760
2014-03-25,14660,14830,14600,14720
2014-03-24,14560,14810,14560,14780
2014-03-20,14850,14850,14500,14570
2014-03-19,14800,14970,14590,14760
2014-03-18,14830,14850,14700,14730
2014-03-17,14570,14670,14510,14590
2014-03-14,14770,14780,14570,14630
2014-03-13,15150,15220,15090,15130
2014-03-12,15300,15320,15130,15150
2014-03-11,15490,15560,15430,15540
2014-03-10,15500,15580,15390,15430
2014-03-07,15590,15620,15450,15580
2014-03-06,15240,15510,15170,15440
2014-03-05,15220,15300,15200,15220
2014-03-04,14830,15040,14820,15010
2014-03-03,14950,14980,14740,14930
2014-02-28,15220,15250,15030,15150
2014-02-27,15220,15320,15140,15230
2014-02-26,15200,15390,15190,15280
2014-02-25,15260,15390,15240,15340
2014-02-24,15080,15280,14950,15120
2014-02-21,14890,15190,14890,15150
2014-02-20,14980,15030,14710,14740
2014-02-19,14990,15100,14960,15070
2014-02-18,14790,15200,14740,15130
2014-02-17,14630,14710,14470,14660
2014-02-14,14830,14970,14520,14600
2014-02-13,15070,15070,14760,14830
2014-02-12,15150,15170,15060,15080
2014-02-10,14980,15020,14860,15010
2014-02-07,14690,14760,14650,14760
2014-02-06,14530,14590,14440,14440
2014-02-05,14570,14590,14270,14470
2014-02-04,14510,14600,14300,14320
2014-02-03,15070,15150,14910,14920
2014-01-31,15450,15460,15060,15200
2014-01-30,15330,15340,15150,15310
2014-01-29,15510,15690,15500,15670
2014-01-28,15330,15400,15260,15320
2014-01-27,15270,15380,15220,15300
2014-01-24,15770,15800,15580,15680
2014-01-23,16220,16280,16000,16020
2014-01-22,16060,16190,15950,16140
2014-01-21,16020,16220,16020,16110
2014-01-20,16030,16040,15880,15960
2014-01-17,15980,16100,15930,16050
2014-01-16,16150,16260,16030,16080
2014-01-15,16000,16110,15950,16110
2014-01-14,15850,15900,15690,15730
2014-01-10,16160,16250,16070,16230
2014-01-09,16300,16310,16150,16200
2014-01-08,16270,16440,16230,16440
2014-01-07,16130,16260,16080,16140
2014-01-06,16420,16460,16170,16220
2013-12-30,16590,16650,16490,16620
2013-12-27,16510,16540,16370,16510
2013-12-26,16390,16500,16380,16490
2013-12-25,16140,16320,16140,16320
2013-12-24,16270,16330,16150,16180
2013-12-20,16050,16170,16030,16170
2013-12-19,16130,16200,16090,16150
2013-12-18,15540,15890,15540,15860
2013-12-17,15580,15620,15540,15570
2013-12-16,15710,15710,15430,15450
2013-12-13,15760,15840,15540,15720
2013-12-12,15640,15670,15540,15640
2013-12-11,15790,15860,15670,15820
2013-12-10,15920,15930,15850,15900
2013-12-09,15900,15940,15850,15940
2013-12-06,15400,15630,15390,15590
2013-12-05,15660,15730,15420,15470
2013-12-04,15780,15880,15610,15720
2013-12-03,16050,16100,15960,16050
2013-12-02,15950,16000,15870,15950
2013-11-29,15950,16030,15800,15950
2013-11-28,15920,16020,15910,16020
2013-11-27,15720,15820,15710,15750
2013-11-26,15800,15880,15760,15830
2013-11-25,15830,15930,15760,15920
2013-11-22,15830,15880,15600,15680
2013-11-21,15470,15680,15450,15670
2013-11-20,15460,15510,15360,15370
2013-11-19,15410,15460,15300,15420
2013-11-18,15540,15570,15390,15460
2013-11-15,15340,15500,15280,15460
2013-11-14,14950,15260,14930,15150
2013-11-13,14800,14880,14770,14850
2013-11-12,14560,14860,14560,14850
2013-11-11,14570,14590,14480,14540
2013-11-08,14320,14400,14300,14350
2013-11-07,14650,14660,14500,14510
2013-11-06,14420,14690,14410,14610
2013-11-05,14600,14600,14410,14490
2013-11-01,14690,14690,14390,14480
2013-10-31,14750,14810,14590,14610
2013-10-30,14750,14810,14700,14770
2013-10-29,14550,14680,14500,14620
2013-10-28,14530,14680,14460,14680
2013-10-25,14710,14720,14360,14380
2013-10-24,14640,14780,14540,14750
2013-10-23,15050,15070,14700,14710
2013-10-22,14960,15040,14920,15000
2013-10-21,14910,15030,14900,14970
2013-10-18,14860,14900,14780,14840
2013-10-17,14910,14950,14770,14850
2013-10-16,14720,14790,14700,14730
2013-10-15,14780,14800,14700,14710
2013-10-11,14590,14730,14570,14670
2013-10-10,14390,14470,14350,14470
2013-10-09,14050,14310,14030,14290
2013-10-08,14070,14200,14020,14170
2013-10-07,14320,14350,14110,14130
2013-10-04,14320,14420,14210,14320
2013-10-03,14420,14500,14360,14440
2013-10-02,14740,14860,14380,14440
2013-10-01,14790,14940,14740,14750
2013-09-30,14770,14910,14700,14740
2013-09-27,15070,15090,14980,15020
2013-09-26,14790,15070,14680,15060
2013-09-25,14940,14960,14820,14820
2013-09-24,14830,14970,14810,14940
2013-09-20,14990,15020,14900,14980
2013-09-19,14890,14970,14780,14960
2013-09-18,14630,14840,14610,14690
2013-09-17,14660,14690,14520,14520
2013-09-13,14520,14640,14430,14590
2013-09-12,14600,14660,14520,14570
2013-09-11,14710,14770,14620,14630
2013-09-10,14510,14650,14480,14620
2013-09-09,14550,14560,14310,14390
2013-09-06,14280,14280,14020,14060
2013-09-05,14330,14370,14170,14240
2013-09-04,14070,14260,14020,14240
2013-09-03,13940,14180,13940,14160
2013-09-02,13630,13810,13600,13770
2013-08-30,13750,13820,13530,13590
2013-08-29,13580,13660,13550,13630
2013-08-28,13410,13590,13370,13550
2013-08-27,13740,13870,13690,13730
2013-08-26,13910,13930,13770,13810
2013-08-23,13810,13960,13770,13840
2013-08-22,13500,13640,13410,13550
2013-08-21,13620,13690,13430,13620
2013-08-20,13820,13920,13570,13580
2013-08-19,13830,13930,13770,13930
2013-08-16,13740,13940,13720,13850
2013-08-15,14020,14180,13900,13940
2013-08-14,14130,14250,13930,14230
2013-08-13,13910,14060,13880,14050
2013-08-12,13690,13850,13610,13710
2013-08-09,13850,13950,13710,13820
2013-08-08,14000,14240,13730,13790
2013-08-07,14290,14340,14030,14050
2013-08-06,14410,14600,14210,14590
2013-08-05,14500,14570,14410,14430
2013-08-02,14370,14660,14340,14650
2013-08-01,13840,14180,13820,14170
2013-07-31,13920,14020,13820,13860
2013-07-30,13820,14110,13810,14090
2013-07-29,14070,14150,13850,13850
2013-07-26,14540,14580,14310,14360
2013-07-25,14930,14940,14730,14780
2013-07-24,14920,14950,14820,14940
2013-07-23,14760,15030,14740,14990
2013-07-22,14990,14990,14710,14860
2013-07-19,15110,15160,14600,14800
2013-07-18,14850,15030,14840,15000
2013-07-17,14680,14810,14640,14800
2013-07-16,14800,14840,14750,14790
2013-07-12,14670,14770,14610,14690
2013-07-11,14470,14690,14450,14670
2013-07-10,14640,14750,14460,14620
2013-07-09,14470,14680,14370,14650
2013-07-08,14680,14700,14240,14290
2013-07-05,14340,14530,14330,14520
2013-07-04,14170,14290,14130,14190
2013-07-03,14520,14540,14340,14410
2013-07-02,14310,14500,14260,14470
2013-07-01,14140,14230,13920,14210
2013-06-28,13710,14100,13700,14010
2013-06-27,13300,13610,13210,13610
2013-06-26,13550,13560,13120,13140
2013-06-25,13430,13580,13090,13360
2013-06-24,13810,13830,13360,13380
2013-06-21,13050,13720,13020,13710
2013-06-20,13420,13540,13300,13350
2013-06-19,13620,13650,13440,13590
2013-06-18,13350,13490,13250,13350
2013-06-17,12920,13420,12880,13420
2013-06-14,13190,13260,12960,13070
2013-06-13,13320,13320,12740,12750
2013-06-12,13420,13680,13330,13640
2013-06-11,13890,13950,13620,13700
2013-06-10,13670,13940,13540,13930
2013-06-07,13040,13460,12870,13080
2013-06-06,13230,13590,13160,13170
2013-06-05,13920,14100,13340,13360
2013-06-04,13550,13980,13400,13980
2013-06-03,13900,13900,13590,13650
2013-05-31,14250,14290,14030,14100
2013-05-30,14350,14460,13890,14040
2013-05-29,14950,14950,14600,14620
2013-05-28,14320,14780,14290,14700
2013-05-27,14520,14690,14390,14450
2013-05-24,15260,15400,14350,15010
2013-05-23,16170,16360,14860,15000
2013-05-22,15860,16120,15850,16050
2013-05-21,15680,15790,15660,15770
2013-05-20,15700,15790,15660,15770
2013-05-17,15330,15570,15280,15570
2013-05-16,15570,15570,15270,15440
2013-05-15,15390,15500,15390,15450
2013-05-14,15230,15230,15140,15190
2013-05-13,15170,15240,15110,15200
2013-05-10,14910,15030,14880,15030
2013-05-09,14730,14790,14560,14600
2013-05-08,14570,14800,14560,14640
2013-05-07,14440,14570,14410,14540
2013-05-02,14100,14140,13990,14060
2013-05-01,14180,14200,14140,14180
2013-04-30,14190,14250,14140,14210
2013-04-26,14330,14350,14210,14290
2013-04-25,14220,14340,14180,14270
2013-04-24,14050,14180,14040,14180
2013-04-23,13900,13930,13850,13870
2013-04-22,13910,13970,13880,13920
2013-04-19,13630,13710,13540,13710
2013-04-18,13620,13730,13550,13630
2013-04-17,13670,13750,13660,13740
2013-04-16,13350,13660,13310,13650
2013-04-15,13690,13750,13600,13670
2013-04-12,13790,13880,13740,13840
2013-04-11,13780,13880,13720,13830
2013-04-10,13530,13660,13510,13630
2013-04-09,13650,13680,13490,13530
2013-04-08,13550,13570,13420,13540
2013-04-05,13520,13560,13120,13140
2013-04-04,12490,13040,12380,13010
2013-04-03,12520,12680,12460,12680
2013-04-02,12350,12380,12100,12330
2013-04-01,12700,12710,12470,12510
2013-03-29,12720,12750,12640,12690
2013-03-28,12770,12780,12600,12680
2013-03-27,12800,12840,12750,12840
2013-03-26,12710,12790,12670,12680
2013-03-25,12770,12840,12720,12810
2013-03-22,12730,12760,12580,12610
2013-03-21,12840,12890,12830,12870
2013-03-19,12660,12730,12650,12730
2013-03-18,12570,12620,12460,12480
2013-03-15,12680,12800,12670,12800
2013-03-14,12560,12630,12480,12620
2013-03-13,12490,12580,12460,12480
2013-03-12,12690,12700,12550,12550
2013-03-11,12560,12640,12520,12580
2013-03-08,12330,12520,12310,12520
2013-03-07,12270,12300,12170,12190
2013-03-06,12040,12160,12020,12160
2013-03-05,11960,12000,11890,11910
2013-03-04,11930,11990,11840,11860
2013-03-01,11720,11870,11690,11810
2013-02-28,11640,11790,11630,11750
2013-02-27,11650,11650,11460,11470
2013-02-26,11580,11740,11560,11630
2013-02-25,11810,11880,11770,11880
2013-02-22,11450,11620,11370,11620
2013-02-21,11620,11650,11510,11520
2013-02-20,11680,11730,11650,11680
2013-02-19,11560,11620,11550,11590
2013-02-18,11550,11650,11530,11620
2013-02-15,11450,11480,11270,11380
2013-02-14,11490,11570,11450,11530
2013-02-13,11550,11580,11400,11470
2013-02-12,11630,11670,11570,11570
2013-02-08,11480,11510,11340,11380
2013-02-07,11560,11660,11490,11600
2013-02-06,11500,11710,11490,11650
2013-02-05,11310,11390,11250,11270
2013-02-04,11480,11490,11400,11470
2013-02-01,11380,11450,11340,11400
2013-01-31,11260,11350,11200,11330
2013-01-30,11120,11320,11100,11320
2013-01-29,10930,11140,10930,11090
2013-01-28,11190,11210,11010,11020
2013-01-25,11040,11140,11010,11130
2013-01-24,10650,10830,10630,10820
2013-01-23,10780,10860,10660,10670
2013-01-22,10960,11060,10810,10910
2013-01-21,11160,11160,10910,10930
2013-01-18,11030,11120,11000,11120
2013-01-17,10860,10890,10620,10820
2013-01-16,11030,11030,10780,10780
2013-01-15,11130,11160,11050,11090
2013-01-11,11020,11030,10940,11020
2013-01-10,10840,10880,10810,10840
2013-01-09,10580,10810,10570,10760
2013-01-08,10750,10800,10660,10670
2013-01-07,10920,10940,10780,10810
2013-01-04,10960,10960,10840,10880
2012-12-28,10610,10630,10570,10630
2012-12-27,10510,10580,10480,10540
2012-12-26,10310,10430,10290,10430
2012-12-25,10290,10310,10210,10250
2012-12-21,10330,10360,10100,10120
2012-12-20,10280,10330,10200,10220
2012-12-19,10220,10350,10180,10350
2012-12-18,10030,10140,10020,10110
2012-12-17,10090,10110,9990,10000
2012-12-14,9890,9950,9850,9940
2012-12-13,9840,9940,9840,9910
2012-12-12,9750,9770,9730,9750
2012-12-11,9690,9700,9650,9690
2012-12-10,9750,9750,9680,9700
2012-12-07,9710,9740,9680,9700
2012-12-06,9680,9730,9660,9700
2012-12-05,9550,9680,9540,9620
2012-12-04,9590,9620,9570,9580
2012-12-03,9640,9690,9610,9630
2012-11-30,9600,9660,9540,9630
2012-11-29,9520,9590,9510,9570
2012-11-28,9540,9570,9460,9470
2012-11-27,9530,9610,9530,9600
2012-11-26,9640,9660,9550,9560
2012-11-22,9500,9530,9460,9530
2012-11-21,9360,9420,9320,9390
2012-11-20,9350,9360,9270,9270
2012-11-19,9310,9350,9290,9290
2012-11-16,9060,9190,9050,9170
2012-11-15,8870,8980,8840,8980
2012-11-14,8830,8840,8810,8820
2012-11-13,8880,8890,8770,8830
2012-11-12,8870,8890,8830,8830
2012-11-09,8920,8940,8890,8920
2012-11-08,9020,9060,8960,9000
2012-11-07,9190,9200,9080,9120
2012-11-06,9150,9160,9120,9140
2012-11-05,9160,9200,9140,9180
2012-11-02,9210,9240,9190,9200
2012-11-01,9080,9140,9020,9120
2012-10-31,9080,9150,9060,9080
2012-10-30,9100,9160,8980,9000
2012-10-29,9120,9150,9060,9070
2012-10-26,9220,9240,9090,9100
2012-10-25,9110,9230,9100,9210
2012-10-24,9070,9200,9060,9110
2012-10-23,9220,9240,9120,9170
2012-10-22,9030,9190,9020,9170
2012-10-19,9120,9180,9090,9150
2012-10-18,9040,9150,9030,9140
2012-10-17,8930,9000,8910,8970
2012-10-16,8800,8860,8800,8860
2012-10-15,8690,8760,8650,8730
2012-10-12,8690,8740,8670,8700
2012-10-11,8690,8770,8670,8690
2012-10-10,8820,8820,8740,8760
2012-10-09,8990,9000,8920,8920
2012-10-05,9020,9060,8960,9060
2012-10-04,8940,9030,8890,8990
2012-10-03,8920,8960,8890,8910
2012-10-02,8970,9000,8920,8920
2012-10-01,8970,8990,8920,8950
2012-09-28,9130,9150,8990,9000
2012-09-27,9020,9120,9000,9120
2012-09-26,9090,9120,9040,9070
2012-09-25,9120,9200,9110,9180
2012-09-24,9160,9180,9120,9150
2012-09-21,9200,9240,9180,9210
2012-09-20,9250,9300,9150,9150
2012-09-19,9260,9380,9220,9330
2012-09-18,9250,9270,9200,9230
2012-09-14,9240,9290,9180,9240
2012-09-13,9050,9120,9010,9100
2012-09-12,8900,9050,8900,9050
2012-09-11,8890,8900,8860,8890
2012-09-10,8920,8960,8920,8960
2012-09-07,8950,8960,8890,8960
2012-09-06,8770,8780,8730,8770
2012-09-05,8850,8850,8750,8770
2012-09-04,8870,8880,8810,8870
2012-09-03,8930,8980,8840,8870
2012-08-31,8980,9030,8910,8940
2012-08-30,9140,9150,9040,9060
2012-08-29,9130,9170,9120,9160
2012-08-28,9210,9220,9070,9120
2012-08-27,9220,9240,9160,9180
2012-08-24,9140,9170,9130,9150
2012-08-23,9160,9270,9140,9240
2012-08-22,9230,9240,9150,9210
2012-08-21,9250,9270,9220,9250
2012-08-20,9290,9300,9220,9270
2012-08-17,9200,9270,9170,9250
2012-08-16,9040,9180,9040,9160
2012-08-15,9030,9040,8940,9000
2012-08-14,8970,9050,8970,9010
2012-08-13,8970,8980,8940,8960
2012-08-10,9020,9030,8930,8970
2012-08-09,8940,9080,8940,9060
2012-08-08,8970,9050,8930,8960
2012-08-07,8810,8900,8790,8890
2012-08-06,8760,8840,8760,8820
2012-08-03,8620,8640,8600,8630
2012-08-02,8740,8780,8720,8730
2012-08-01,8690,8740,8660,8720
2012-07-31,8680,8820,8660,8790
2012-07-30,8740,8760,8670,8700
2012-07-27,8650,8650,8590,8640
2012-07-26,8480,8530,8440,8530
2012-07-25,8490,8510,8410,8450
2012-07-24,8570,8600,8530,8550
2012-07-23,8670,8690,8580,8590
2012-07-20,8870,8870,8740,8760
2012-07-19,8880,8920,8850,8880
2012-07-18,8870,8890,8800,8820
2012-07-17,8800,8890,8800,8840
2012-07-13,8760,8840,8760,8780
2012-07-12,8950,8950,8780,8790
2012-07-11,8900,8940,8880,8940
2012-07-10,9000,9050,8930,8930
2012-07-09,9010,9040,8970,8970
2012-07-06,9150,9160,9060,9110
2012-07-05,9170,9220,9150,9160
2012-07-04,9210,9220,9180,9190
2012-07-03,9260,9320,9240,9290
2012-07-02,9310,9320,9220,9250
2012-06-29,9040,9270,9020,9230
2012-06-28,9030,9110,9020,9090
2012-06-27,8900,8960,8870,8960
2012-06-26,8890,8920,8830,8900
2012-06-25,9050,9050,8940,8940
2012-06-22,8930,9050,8930,9020
2012-06-21,9010,9070,9000,9040
2012-06-20,8930,8980,8920,8970
2012-06-19,8920,8920,8840,8890
2012-06-18,8970,8980,8920,8940
2012-06-15,8830,8840,8760,8780
2012-06-14,8730,8800,8730,8780
2012-06-13,8790,8830,8760,8790
2012-06-12,8670,8790,8660,8750
2012-06-11,8820,8870,8800,8830
2012-06-08,8840,8840,8630,8650
2012-06-07,8880,8880,8810,8830
2012-06-06,8660,8760,8620,8750
2012-06-05,8540,8610,8510,8610
2012-06-04,8490,8500,8440,8500
2012-06-01,8680,8700,8630,8640
2012-05-31,8710,8750,8660,8740
2012-05-30,8860,8870,8780,8830
2012-05-29,8790,8870,8730,8870
2012-05-28,8810,8830,8780,8800
2012-05-25,8820,8830,8760,8790
2012-05-24,8770,8820,8710,8780
2012-05-23,8920,8930,8750,8790
2012-05-22,8940,8960,8910,8950
2012-05-21,8830,8890,8820,8850
2012-05-18,8930,8930,8800,8830
2012-05-17,9020,9100,8980,9080
2012-05-16,9100,9110,8980,8980
2012-05-15,9120,9150,9070,9150
2012-05-14,9210,9250,9170,9200
2012-05-11,9240,9280,9150,9160
2012-05-10,9230,9300,9210,9270
2012-05-09,9330,9330,9250,9280
2012-05-08,9420,9440,9390,9400
2012-05-07,9370,9400,9330,9340
2012-05-02,9620,9650,9580,9610
2012-05-01,9680,9700,9560,9570
2012-04-27,9800,9930,9700,9750
2012-04-26,9860,9870,9760,9780
2012-04-25,9800,9820,9760,9780
2012-04-24,9710,9740,9650,9710
2012-04-23,9820,9880,9740,9780
2012-04-20,9810,9820,9760,9790
2012-04-19,9830,9850,9800,9830
2012-04-18,9850,9920,9830,9890
2012-04-17,9710,9750,9680,9680
2012-04-16,9740,9760,9690,9700
2012-04-13,9880,9930,9850,9880
2012-04-12,9720,9780,9680,9760
2012-04-11,9620,9730,9610,9690
2012-04-10,9810,9890,9740,9770
2012-04-09,9780,9850,9770,9790
2012-04-06,9940,9980,9890,9900
2012-04-05,9990,10050,9920,10010
2012-04-04,10300,10310,10050,10050
2012-04-03,10330,10330,10280,10300
2012-04-02,10410,10430,10340,10350
2012-03-30,10340,10360,10270,10320
2012-03-29,10380,10390,10320,10360
2012-03-28,10400,10440,10360,10400
2012-03-27,10310,10430,10300,10430
2012-03-26,10180,10210,10160,10170
2012-03-23,10160,10190,10150,10160
2012-03-22,10210,10300,10210,10270
2012-03-21,10270,10300,10230,10240
2012-03-19,10310,10330,10290,10310
2012-03-16,10260,10300,10240,10290
2012-03-15,10270,10310,10230,10280
2012-03-14,10230,10270,10210,10260
2012-03-13,10080,10160,10030,10060
2012-03-12,10190,10190,10030,10030
2012-03-09,10030,10170,10000,10040
2012-03-08,9820,9910,9810,9910
2012-03-07,9660,9750,9660,9710
2012-03-06,9850,9890,9750,9790
2012-03-05,9910,9940,9820,9840
2012-03-02,9940,9960,9870,9930
2012-03-01,9920,10010,9820,9850
2012-02-29,9920,10020,9850,9850
2012-02-28,9700,9910,9670,9910
2012-02-27,9860,9890,9750,9760
2012-02-24,9730,9790,9710,9780
2012-02-23,9700,9750,9650,9720
2012-02-22,9620,9700,9580,9700
2012-02-21,9600,9660,9580,9630
2012-02-20,9680,9700,9600,9610
2012-02-17,9540,9570,9510,9530
2012-02-16,9370,9440,9350,9360
2012-02-15,9240,9450,9240,9390
2012-02-14,9120,9210,9100,9180
2012-02-13,9080,9150,9070,9140
2012-02-10,9150,9150,9080,9100
2012-02-09,9120,9150,9070,9130
2012-02-08,9080,9140,9080,9140
2012-02-07,9040,9060,9010,9030
2012-02-06,9080,9090,9040,9060
2012-02-03,8970,9000,8950,8970
2012-02-02,8990,9030,8990,9010
2012-02-01,8910,8960,8910,8920
2012-01-31,8920,8960,8910,8950
2012-01-30,8940,8970,8900,8930
2012-01-27,8970,9020,8940,8970
2012-01-26,9010,9030,8960,8980
2012-01-25,8950,9040,8940,9010
2012-01-24,8930,8950,8890,8900
2012-01-23,8890,8920,8870,8900
2012-01-20,8860,8920,8850,8860
2012-01-19,8710,8800,8710,8770
2012-01-18,8590,8730,8570,8660
2012-01-17,8540,8600,8530,8600
2012-01-16,8530,8530,8470,8490
2012-01-13,8570,8640,8570,8630
2012-01-12,8540,8550,8490,8500
2012-01-11,8570,8580,8550,8550
2012-01-10,8530,8570,8530,8540
2012-01-06,8610,8620,8470,8510
2012-01-05,8620,8640,8600,8630
2012-01-04,8660,8700,8660,8660
2011-12-30,8560,8580,8540,8570
2011-12-29,8500,8530,8460,8530
2011-12-28,8560,8590,8540,8550
2011-12-27,8550,8590,8540,8590
2011-12-26,8650,8650,8590,8600
2011-12-22,8540,8550,8500,8500
2011-12-21,8570,8590,8550,8560
2011-12-20,8450,8480,8430,8470
2011-12-19,8490,8490,8390,8410
2011-12-16,8540,8550,8510,8540
2011-12-15,8540,8560,8490,8510
2011-12-14,8630,8650,8600,8640
2011-12-13,8640,8710,8640,8670
2011-12-12,8780,8800,8750,8760
2011-12-09,8670,8700,8620,8650
2011-12-08,8770,8800,8740,8770
2011-12-07,8730,8840,8730,8810
2011-12-06,8770,8790,8680,8690
2011-12-05,8820,8830,8790,8790
2011-12-02,8730,8760,8710,8750
2011-12-01,8760,8780,8700,8720
2011-11-30,8520,8550,8480,8520
2011-11-29,8480,8600,8470,8600
2011-11-28,8390,8440,8370,8410
2011-11-25,8250,8310,8250,8280
2011-11-24,8300,8330,8270,8270
2011-11-22,8390,8470,8370,8450
2011-11-21,8480,8490,8460,8470
2011-11-18,8490,8520,8480,8520
2011-11-17,8550,8610,8520,8590
2011-11-16,8670,8690,8570,8580
2011-11-15,8660,8710,8650,8690
2011-11-14,8770,8780,8720,8740
2011-11-11,8650,8680,8610,8630
2011-11-10,8660,8690,8610,8630
2011-11-09,8830,8880,8800,8870
2011-11-08,8870,8880,8760,8770
2011-11-07,8890,8900,8860,8880
2011-11-04,8900,8930,8850,8920
2011-11-02,8830,8830,8760,8810
2011-11-01,9000,9060,8950,8970
2011-10-31,9120,9270,9080,9080
2011-10-28,9200,9210,9120,9140
2011-10-27,8890,9040,8850,9040
2011-10-26,8800,8920,8760,8850
2011-10-25,8980,8990,8870,8890
2011-10-24,8880,8970,8880,8950
2011-10-21,8800,8820,8770,8800
2011-10-20,8860,8860,8790,8800
2011-10-19,8950,8950,8860,8890
2011-10-18,8860,8890,8840,8860
2011-10-17,8990,9030,8980,9010
2011-10-14,8880,8910,8860,8870
2011-10-13,8950,8970,8910,8910
2011-10-12,8830,8890,8800,8850
2011-10-11,8890,8920,8870,8870
2011-10-07,8720,8780,8690,8690
2011-10-06,8600,8670,8590,8630
2011-10-05,8640,8640,8470,8480
2011-10-04,8530,8590,8480,8580
2011-10-03,8660,8680,8570,8650
2011-09-30,8830,8870,8770,8800
2011-09-29,8650,8830,8620,8830
2011-09-28,8720,8780,8710,8750
2011-09-27,8550,8700,8530,8700
2011-09-26,8600,8610,8410,8410
2011-09-22,8690,8690,8600,8640
2011-09-21,8770,8820,8760,8790
2011-09-20,8800,8820,8750,8770
2011-09-16,8840,8920,8830,8900
2011-09-15,8710,8750,8690,8710
2011-09-14,8690,8720,8540,8580
2011-09-13,8620,8690,8600,8690
2011-09-12,8600,8630,8570,8600
2011-09-09,8820,8860,8780,8780
2011-09-08,8910,8930,8800,8850
2011-09-07,8790,8830,8750,8830
2011-09-06,8740,8760,8640,8640
2011-09-05,8880,8900,8810,8830
2011-09-02,9040,9070,8960,9000
2011-09-01,9050,9150,9050,9110
2011-08-31,8990,9020,8960,9020
2011-08-30,9010,9050,8990,9010
2011-08-29,8860,8980,8800,8910
2011-08-26,8790,8860,8790,8860
2011-08-25,8800,8900,8790,8830
2011-08-24,8870,8880,8670,8720
2011-08-23,8740,8800,8680,8800
2011-08-22,8750,8810,8670,8670
2011-08-19,8810,8850,8760,8780
2011-08-18,9100,9100,8980,8990
2011-08-17,9080,9140,9050,9110
2011-08-16,9170,9200,9120,9140
2011-08-15,9130,9170,9080,9120
2011-08-12,9130,9140,8980,9000
2011-08-11,8860,9040,8860,9040
2011-08-10,9230,9230,9060,9060
2011-08-09,8840,9060,8710,9060
2011-08-08,9220,9270,9120,9190
2011-08-05,9340,9400,9310,9370
2011-08-04,9740,9830,9670,9720
2011-08-03,9740,9740,9660,9710
2011-08-02,9910,9940,9880,9900
2011-08-01,9980,10090,9980,10040
2011-07-29,9940,9970,9880,9900
2011-07-28,9990,10000,9910,9970
2011-07-27,10110,10120,10070,10090
2011-07-26,10150,10190,10100,10180
2011-07-25,10170,10170,10100,10120
2011-07-22,10160,10210,10140,10200
2011-07-21,10080,10090,10030,10060
2011-07-20,10060,10100,10040,10050
2011-07-19,9980,10000,9940,9950
2011-07-15,9990,10040,9980,10040
2011-07-14,9980,10060,9940,10000
2011-07-13,9940,10040,9940,10020
2011-07-12,10010,10030,9970,10000
2011-07-11,10130,10170,10110,10150
2011-07-08,10210,10250,10180,10210
2011-07-07,10100,10150,10080,10140
2011-07-06,10070,10140,10030,10140
2011-07-05,10160,10180,10140,10150
2011-07-04,10160,10190,10130,10150
2011-07-01,10060,10100,10040,10050
2011-06-30,10030,10040,9980,10010
2011-06-29,9960,9990,9920,9980
2011-06-28,9870,9900,9820,9830
2011-06-27,9820,9820,9760,9780
2011-06-24,9820,9880,9790,9870
2011-06-23,9740,9830,9740,9800
2011-06-22,9710,9840,9710,9800
2011-06-21,9620,9650,9570,9650
2011-06-20,9570,9610,9530,9530
2011-06-17,9630,9650,9510,9530
2011-06-16,9680,9680,9600,9610
2011-06-15,9780,9790,9710,9780
2011-06-14,9650,9750,9620,9740
2011-06-13,9580,9650,9580,9630
2011-06-10,9710,9810,9680,9690
2011-06-09,9600,9670,9580,9670
2011-06-08,9620,9660,9590,9650
2011-06-07,9570,9650,9550,9650
2011-06-06,9650,9680,9550,9590
2011-06-03,9740,9790,9680,9700
2011-06-02,9720,9760,9700,9750
2011-06-01,9890,9910,9850,9890
2011-05-31,9680,9890,9680,9880
2011-05-30,9680,9730,9640,9710
2011-05-27,9720,9780,9690,9730
2011-05-26,9690,9760,9680,9760
2011-05-25,9690,9700,9600,9610
2011-05-24,9620,9680,9600,9670
2011-05-23,9730,9740,9620,9660
2011-05-20,9810,9860,9790,9790
2011-05-19,9890,9920,9790,9800
2011-05-18,9800,9880,9780,9850
2011-05-17,9700,9790,9690,9760
2011-05-16,9770,9780,9740,9770
2011-05-13,9940,9940,9730,9860
2011-05-12,9950,10030,9890,9900
2011-05-11,10110,10120,10030,10060
2011-05-10,10000,10040,9950,10020
2011-05-09,10070,10090,9960,10000
2011-05-06,9950,10060,9950,10050
2011-05-02,10150,10210,10120,10210
2011-04-28,9920,10040,9900,10040
2011-04-27,9820,9910,9810,9880
2011-04-26,9820,9820,9720,9730
2011-04-25,9880,9930,9850,9850
2011-04-22,9810,9920,9800,9880
2011-04-21,9870,9910,9820,9850
2011-04-20,9730,9820,9700,9800
2011-04-19,9640,9670,9590,9630
2011-04-18,9780,9800,9720,9740
2011-04-15,9830,9840,9750,9760
2011-04-14,9750,9860,9740,9820
2011-04-13,9710,9840,9700,9840
2011-04-12,9790,9790,9700,9730
2011-04-11,9900,9960,9880,9900
2011-04-08,9740,9990,9720,9950
2011-04-07,9840,9870,9760,9780
2011-04-06,9850,9860,9740,9770
2011-04-05,9920,9920,9750,9800
2011-04-04,9940,9990,9890,9890
2011-04-01,9930,10010,9880,9890
2011-03-31,9950,9950,9840,9910
2011-03-30,9700,9890,9660,9890
2011-03-29,9510,9690,9500,9650
2011-03-28,9650,9650,9510,9590
2011-03-25,9670,9690,9570,9640
2011-03-24,9560,9620,9520,9530
2011-03-23,9720,9720,9490,9570
2011-03-22,9650,9730,9580,9730
2011-03-18,9280,9390,9200,9300
2011-03-17,8960,9200,8620,9130
2011-03-16,9130,9260,8940,9190
2011-03-15,9340,9410,8180,8950
2011-03-14,9660,9940,9630,9680
2011-03-11,10470,10490,10340,10390
2011-03-10,10650,10650,10510,10540
2011-03-09,10710,10770,10670,10700
2011-03-08,10610,10670,10610,10640
2011-03-07,10720,10720,10580,10650
2011-03-04,10860,10880,10770,10790
2011-03-03,10620,10700,10620,10700
2011-03-02,10710,10730,10590,10600
2011-03-01,10780,10860,10770,10850
2011-02-28,10600,10730,10550,10720
2011-02-25,10590,10640,10560,10600
2011-02-24,10640,10650,10530,10570
2011-02-23,10690,10770,10650,10670
2011-02-22,10850,10860,10730,10770
2011-02-21,10920,10970,10890,10970
2011-02-18,10940,10960,10910,10960
2011-02-17,10970,11000,10920,10940
2011-02-16,10860,10950,10850,10910
2011-02-15,10840,10860,10810,10850
2011-02-14,10800,10830,10770,10830
2011-02-10,10690,10730,10660,10720
2011-02-09,10780,10800,10690,10720
2011-02-08,10740,10750,10710,10720
2011-02-07,10740,10750,10670,10690
2011-02-04,10630,10680,10630,10640
2011-02-03,10530,10550,10510,10540
2011-02-02,10480,10580,10460,10560
2011-02-01,10380,10400,10340,10360
2011-01-31,10320,10370,10280,10340
2011-01-28,10570,10580,10430,10480
2011-01-27,10560,10590,10520,10560
2011-01-26,10520,10540,10490,10520
2011-01-25,10460,10580,10450,10560
2011-01-24,10410,10450,10380,10430
2011-01-21,10580,10580,10360,10370
2011-01-20,10590,10610,10520,10540
2011-01-19,10650,10680,10630,10670
2011-01-18,10560,10650,10550,10610
2011-01-17,10660,10670,10580,10610
2011-01-14,10670,10680,10590,10610
2011-01-13,10700,10720,10660,10660
2011-01-12,10650,10680,10600,10610
2011-01-11,10560,10640,10560,10620
2011-01-07,10590,10660,10590,10660
2011-01-06,10590,10630,10590,10620
2011-01-05,10480,10520,10460,10470
2011-01-04,10440,10520,10420,10470
2010-12-30,10410,10420,10300,10310
2010-12-29,10390,10450,10380,10450
2010-12-28,10420,10440,10390,10410
2010-12-27,10390,10470,10380,10450
2010-12-24,10360,10380,10350,10380
2010-12-22,10450,10490,10410,10430
2010-12-21,10360,10460,10360,10450
2010-12-20,10390,10390,10270,10320
2010-12-17,10400,10420,10370,10390
2010-12-16,10410,10440,10370,10400
2010-12-15,10410,10430,10370,10400
2010-12-14,10370,10410,10350,10400
2010-12-13,10310,10380,10290,10380
2010-12-10,10340,10420,10280,10320
2010-12-09,10370,10390,10330,10370
2010-12-08,10290,10350,10280,10320
2010-12-07,10250,10260,10180,10240
2010-12-06,10260,10270,10230,10260
2010-12-03,10330,10340,10240,10280
2010-12-02,10270,10280,10230,10250
2010-12-01,10030,10100,10000,10100
2010-11-30,10170,10200,10020,10040
2010-11-29,10180,10240,10130,10220
2010-11-26,10180,10220,10130,10150
2010-11-25,10200,10210,10130,10170
2010-11-24,10020,10160,10000,10140
2010-11-22,10230,10250,10180,10200
2010-11-19,10210,10230,10100,10140
2010-11-18,9910,10100,9880,10060
2010-11-17,9810,9920,9790,9920
2010-11-16,9980,10000,9860,9860
2010-11-15,9910,9930,9830,9920
2010-11-12,9900,9940,9810,9820
2010-11-11,9970,9980,9920,9940
2010-11-10,9840,9930,9830,9910
2010-11-09,9760,9810,9740,9770
2010-11-08,9790,9830,9770,9800
2010-11-05,9600,9770,9600,9730
2010-11-04,9380,9460,9370,9450
2010-11-02,9230,9260,9210,9250
2010-11-01,9260,9350,9220,9250
2010-10-29,9410,9420,9260,9280
2010-10-28,9450,9510,9440,9450
2010-10-27,9530,9540,9410,9490
2010-10-26,9470,9550,9450,9460
2010-10-25,9520,9540,9470,9500
2010-10-22,9490,9540,9480,9520
2010-10-21,9550,9580,9410,9460
2010-10-20,9500,9500,9400,9460
2010-10-19,9580,9660,9570,9610
2010-10-18,9620,9650,9560,9570
2010-10-15,9630,9640,9560,9610
2010-10-14,9600,9710,9570,9670
2010-10-13,9560,9600,9480,9500
2010-10-12,9740,9740,9470,9490
2010-10-08,9730,9760,9660,9680
2010-10-07,9750,9810,9740,9760
2010-10-06,9680,9790,9660,9770
2010-10-05,9410,9630,9410,9620
2010-10-04,9490,9610,9440,9450
2010-10-01,9560,9560,9450,9470
2010-09-30,9650,9660,9460,9470
2010-09-29,9610,9700,9590,9660
2010-09-28,9600,9640,9550,9570
2010-09-27,9580,9640,9570,9620
2010-09-24,9450,9640,9440,9490
2010-09-22,9580,9650,9570,9600
2010-09-21,9710,9730,9610,9620
2010-09-17,9630,9680,9580,9670
2010-09-16,9660,9660,9510,9520
2010-09-15,9260,9620,9230,9540
2010-09-14,9350,9360,9280,9350
2010-09-13,9370,9430,9330,9350
2010-09-10,9180,9320,9160,9250
2010-09-09,9150,9170,9090,9110
2010-09-08,9110,9130,9020,9050
2010-09-07,9260,9340,9230,9250
2010-09-06,9230,9340,9200,9310
2010-09-03,9130,9170,9070,9130
2010-09-02,9110,9130,8980,9060
2010-09-01,8850,8970,8820,8960
2010-08-31,9020,9030,8820,8830
2010-08-30,9180,9310,9140,9150
2010-08-27,8830,9050,8830,9010
2010-08-26,8930,8940,8850,8910
2010-08-25,8920,8970,8820,8850
2010-08-24,9050,9100,8990,8990
2010-08-23,9170,9200,9110,9120
2010-08-20,9240,9310,9180,9190
2010-08-19,9260,9400,9260,9400
2010-08-18,9280,9300,9180,9260
2010-08-17,9110,9210,9100,9200
2010-08-16,9170,9240,9110,9210
2010-08-13,9240,9300,9180,9300
2010-08-12,9140,9240,9080,9230
2010-08-11,9450,9470,9300,9320
2010-08-10,9650,9690,9530,9560
2010-08-09,9540,9600,9530,9590
2010-08-06,9590,9690,9560,9680
2010-08-05,9690,9720,9600,9650
2010-08-04,9640,9640,9500,9510
2010-08-03,9750,9780,9650,9690
2010-08-02,9590,9710,9580,9590
2010-07-30,9680,9680,9520,9570
2010-07-29,9680,9760,9670,9710
2010-07-28,9650,9790,9650,9770
2010-07-27,9520,9560,9510,9520
2010-07-26,9550,9590,9510,9510
2010-07-23,9460,9500,9390,9460
2010-07-22,9260,9280,9200,9240
2010-07-21,9430,9430,9250,9300
2010-07-20,9290,9410,9270,9340
2010-07-16,9630,9660,9410,9440
2010-07-15,9730,9760,9690,9690
2010-07-14,9770,9830,9770,9830
2010-07-13,9620,9660,9520,9550
2010-07-12,9570,9670,9560,9580
2010-07-09,9580,9640,9540,9600
2010-07-08,9540,9570,9510,9560
2010-07-07,9350,9360,9250,9310
2010-07-06,9230,9390,9120,9390
2010-07-05,9410,9460,9390,9460
2010-07-02,9410,9440,9330,9400
2010-07-01,9470,9470,9320,9370
2010-06-30,9570,9590,9520,9560
2010-06-29,9890,9940,9720,9720
2010-06-28,9930,9940,9850,9870
2010-06-25,9950,9960,9860,9900
2010-06-24,10060,10180,10060,10090
2010-06-23,10130,10140,10080,10080
2010-06-22,10310,10360,10270,10290
2010-06-21,10280,10430,10280,10420
2010-06-18,10220,10220,10140,10160
2010-06-17,10190,10230,10160,10180
2010-06-16,10210,10290,10200,10250
2010-06-15,10020,10090,10000,10030
2010-06-14,9990,10060,9990,10050
2010-06-11,9900,9940,9840,9880
2010-06-10,9680,9720,9610,9700
2010-06-09,9670,9670,9550,9640
2010-06-08,9620,9760,9600,9700
2010-06-07,9790,9810,9670,9690
2010-06-04,10080,10140,10050,10110
2010-06-03,9960,10120,9950,10120
2010-06-02,9810,9940,9730,9770
2010-06-01,9890,9920,9830,9900
2010-05-31,9920,10010,9900,9930
2010-05-28,9990,10000,9870,9970
2010-05-27,9590,9830,9560,9820
2010-05-26,9760,9810,9640,9660
2010-05-25,9810,9830,9600,9630
2010-05-24,9950,9970,9860,9930
2010-05-21,9930,10020,9880,9940
2010-05-20,10280,10340,10180,10230
2010-05-19,10270,10360,10210,10320
2010-05-18,10480,10520,10380,10430
2010-05-17,10480,10510,10330,10420
2010-05-14,10630,10730,10560,10640
2010-05-13,10740,10820,10710,10810
2010-05-12,10630,10680,10510,10550
2010-05-11,10830,10830,10570,10590
2010-05-10,10580,10730,10540,10720
2010-05-07,10420,10610,10350,10610
2010-05-06,10880,10910,10850,10850
2010-04-30,11250,11260,11200,11230
2010-04-28,11070,11150,11050,11100
2010-04-27,11280,11390,11280,11370
2010-04-26,11210,11340,11210,11340
2010-04-23,11080,11140,11030,11120
2010-04-22,11160,11160,11030,11120
2010-04-21,11200,11270,11190,11270
2010-04-20,11140,11180,11060,11080
2010-04-19,11110,11130,11050,11070
2010-04-16,11410,11410,11250,11270
2010-04-15,11480,11490,11420,11440
2010-04-14,11400,11450,11330,11370
2010-04-13,11390,11390,11250,11330
2010-04-12,11460,11530,11410,11430
2010-04-09,11380,11380,11320,11370
2010-04-08,11360,11410,11330,11330
2010-04-07,11470,11530,11430,11470
2010-04-06,11530,11530,11390,11460
2010-04-05,11520,11550,11480,11520
2010-04-02,11480,11490,11410,11460
2010-04-01,11310,11450,11290,11400
2010-03-31,11270,11310,11240,11260
2010-03-30,11200,11290,11170,11270
2010-03-29,11080,11180,11060,11180
2010-03-26,10990,11100,10980,11100
2010-03-25,10950,10970,10900,10940
2010-03-24,10940,10980,10860,10900
2010-03-23,10890,10920,10860,10870
2010-03-19,10900,10930,10870,10920
2010-03-18,10940,10950,10830,10840
2010-03-17,10880,10960,10850,10940
2010-03-16,10830,10870,10810,10820
2010-03-15,10890,10910,10800,10840
2010-03-12,10830,10870,10790,10830
2010-03-11,10700,10770,10680,10760
2010-03-10,10670,10690,10640,10660
2010-03-09,10660,10690,10640,10650
2010-03-08,10640,10690,10610,10670
2010-03-05,10360,10480,10360,10480
2010-03-04,10340,10360,10230,10240
2010-03-03,10290,10370,10280,10330
2010-03-02,10300,10340,10240,10330
2010-03-01,10240,10320,10210,10280
2010-02-26,10210,10280,10180,10210
2010-02-25,10350,10370,10190,10190
2010-02-24,10300,10350,10220,10300
2010-02-23,10440,10470,10370,10460
2010-02-22,10420,10550,10420,10480
2010-02-19,10450,10450,10220,10240
2010-02-18,10420,10440,10370,10430
2010-02-17,10260,10410,10250,10400
2010-02-16,10150,10160,10110,10130
2010-02-15,10200,10210,10100,10100
2010-02-12,10170,10200,10110,10200
2010-02-10,10130,10140,10050,10080
2010-02-09,10000,10050,9960,10040
2010-02-08,10070,10160,10030,10060
2010-02-05,10170,10210,10130,10170
2010-02-04,10520,10540,10370,10450
2010-02-03,10500,10530,10450,10520
2010-02-02,10410,10490,10400,10460
2010-02-01,10310,10320,10220,10300
2010-01-29,10360,10430,10250,10260
2010-01-28,10430,10560,10390,10520
2010-01-27,10440,10470,10340,10350
2010-01-26,10600,10660,10420,10440
2010-01-25,10500,10650,10500,10600
2010-01-22,10740,10760,10610,10690
2010-01-21,10780,10980,10740,10950
2010-01-20,10960,10960,10800,10800
2010-01-19,10950,10970,10840,10860
2010-01-18,10950,10980,10870,10930
2010-01-15,11020,11080,10960,11060
2010-01-14,10900,11000,10870,11000
2010-01-13,10880,10950,10810,10810
2010-01-12,10870,11000,10850,11000
2010-01-08,10870,10920,10760,10910
2010-01-07,10840,10870,10730,10780
2010-01-06,10820,10870,10750,10810
2010-01-05,10880,10890,10750,10780
2010-01-04,10680,10790,10680,10750
2009-12-30,10800,10810,10620,10640
2009-12-29,10700,10800,10690,10730
2009-12-28,10620,10760,10610,10710
2009-12-25,10610,10620,10560,10600
2009-12-24,10560,10650,10540,10600
2009-12-22,10350,10470,10320,10450
2009-12-21,10300,10300,10270,10280
2009-12-18,10190,10250,10110,10240
2009-12-17,10310,10350,10240,10240
2009-12-16,10260,10330,10200,10260
2009-12-15,10140,10200,10110,10160
2009-12-14,10200,10210,10090,10190
2009-12-11,10060,10190,10000,10190
2009-12-10,10040,10130,9910,9910
2009-12-09,10110,10140,10070,10090
2009-12-08,10160,10230,10150,10200
2009-12-07,10230,10300,10180,10240
2009-12-04,10100,10110,9980,10090
2009-12-03,9840,10060,9830,10030
2009-12-02,9620,9730,9590,9700
2009-12-01,9320,9650,9310,9630
2009-11-30,9300,9440,9270,9420
2009-11-27,9280,9320,9150,9150
2009-11-26,9440,9550,9400,9480
2009-11-25,9450,9540,9450,9530
2009-11-24,9600,9600,9480,9480
2009-11-20,9540,9600,9510,9580
2009-11-19,9750,9780,9580,9640
2009-11-18,9830,9880,9720,9750
2009-11-17,9950,9950,9800,9810
2009-11-16,9880,9890,9810,9880
2009-11-13,9890,9900,9800,9840
2009-11-12,10030,10040,9870,9870
2009-11-11,10000,10040,9930,9970
2009-11-10,10000,10070,9940,9960
2009-11-09,9850,9940,9810,9880
2009-11-06,9920,9940,9850,9870
2009-11-05,9880,9910,9770,9790
2009-11-04,9880,9930,9850,9910
2009-11-02,9810,9920,9800,9920
2009-10-30,10140,10140,10060,10090
2009-10-29,9970,10020,9940,9960
2009-10-28,10270,10310,10150,10170
2009-10-27,10360,10390,10290,10330
2009-10-26,10350,10490,10340,10450
2009-10-23,10420,10460,10360,10370
2009-10-22,10330,10370,10240,10350
2009-10-21,10370,10440,10370,10410
2009-10-20,10430,10450,10400,10430
2009-10-19,10250,10360,10210,10330
2009-10-16,10380,10390,10300,10330
2009-10-15,10280,10360,10280,10320
2009-10-14,10190,10200,10100,10150
2009-10-13,10120,10200,10110,10150
2009-10-09,9950,10090,9930,10090
2009-10-08,9870,9940,9830,9930
2009-10-07,9850,9910,9830,9890
2009-10-06,9830,9840,9710,9750
2009-10-05,9810,9850,9750,9760
2009-10-02,9880,9880,9790,9820
2009-10-01,10120,10160,10040,10060
2009-09-30,10190,10230,10150,10190
2009-09-29,10220,10220,10140,10160
2009-09-28,10170,10170,10050,10100
2009-09-25,10420,10440,10310,10390
2009-09-24,10440,10600,10420,10540
2009-09-18,10410,10440,10330,10430
2009-09-17,10430,10470,10380,10460
2009-09-16,10300,10430,10270,10300
2009-09-15,10310,10340,10220,10260
2009-09-14,10420,10430,10210,10270
2009-09-11,10530,10560,10440,10480
2009-09-10,10410,10560,10410,10560
2009-09-09,10400,10430,10280,10380
2009-09-08,10390,10440,10340,10440
2009-09-07,10340,10360,10310,10340
2009-09-04,10290,10300,10180,10200
2009-09-03,10290,10330,10210,10230
2009-09-02,10340,10340,10250,10340
2009-09-01,10500,10620,10480,10530
2009-08-31,10650,10800,10460,10510
2009-08-28,10590,10610,10500,10550
2009-08-27,10610,10620,10430,10540
2009-08-26,10580,10710,10560,10680
2009-08-25,10560,10610,10500,10540
2009-08-24,10490,10630,10490,10580
2009-08-21,10420,10420,10170,10300
2009-08-20,10290,10440,10230,10380
2009-08-19,10330,10360,10220,10240
2009-08-18,10220,10350,10210,10330
2009-08-17,10540,10550,10280,10280
2009-08-14,10560,10670,10560,10630
2009-08-13,10560,10590,10520,10550
2009-08-12,10510,10560,10470,10470
2009-08-11,10560,10630,10550,10610
2009-08-10,10580,10630,10520,10590
2009-08-07,10420,10460,10290,10460
2009-08-06,10300,10470,10300,10430
2009-08-05,10460,10460,10270,10290
2009-08-04,10500,10520,10390,10420
2009-08-03,10400,10420,10350,10380
2009-07-31,10340,10410,10290,10410
2009-07-30,10190,10240,10100,10220
2009-07-29,10070,10200,10050,10160
2009-07-28,10170,10170,10080,10110
2009-07-27,10060,10210,10060,10100
2009-07-24,9970,9990,9890,9960
2009-07-23,9730,9900,9730,9830
2009-07-22,9670,9790,9640,9750
2009-07-21,9590,9690,9540,9680
2009-07-17,9440,9460,9390,9420
2009-07-16,9510,9530,9350,9360
2009-07-15,9380,9380,9290,9310
2009-07-14,9280,9330,9210,9300
2009-07-13,9270,9380,9070,9080
2009-07-10,9400,9420,9290,9300
2009-07-09,9380,9430,9320,9330
2009-07-08,9580,9590,9450,9450
2009-07-07,9750,9770,9660,9690
2009-07-06,9780,9810,9690,9710
2009-07-03,9770,9880,9730,9860
2009-07-02,10200,10230,10100,10120
2009-07-01,10110,10320,10090,10150
2009-06-30,10160,10240,10150,10180
2009-06-29,10130,10180,9980,10050
2009-06-26,10100,10140,10030,10140
2009-06-25,9870,10110,9850,10020
2009-06-24,9830,9860,9770,9820
2009-06-23,9870,9880,9740,9780
2009-06-22,10020,10130,10000,10060
2009-06-19,9990,10060,9930,10000
2009-06-18,10000,10000,9880,9960
2009-06-17,9960,10080,9940,10070
2009-06-16,10120,10150,9990,10010
2009-06-15,10350,10360,10260,10280
2009-06-12,10250,10400,10250,10370
2009-06-11,10240,10260,10190,10240
2009-06-10,10070,10230,10050,10230
2009-06-09,10080,10100,9990,10020
2009-06-08,10050,10150,10050,10090
2009-06-05,10000,10010,9960,10000
2009-06-04,9910,9980,9880,9910
2009-06-03,9960,10010,9950,9990
2009-06-02,10040,10050,9930,9950
2009-06-01,9750,9940,9720,9930
2009-05-29,9750,9750,9670,9730
2009-05-28,9590,9730,9580,9690
2009-05-27,9680,9730,9630,9640
2009-05-26,9600,9610,9460,9570
2009-05-25,9490,9630,9490,9550
2009-05-22,9350,9500,9340,9470
2009-05-21,9520,9520,9410,9520
2009-05-20,9600,9640,9540,9550
2009-05-19,9570,9570,9490,9520
2009-05-18,9340,9340,9220,9320
2009-05-15,9390,9500,9380,9500
2009-05-14,9390,9390,9280,9340
2009-05-13,9560,9610,9500,9590
2009-05-12,9580,9620,9530,9560
2009-05-11,9690,9730,9570,9680
2009-05-08,9610,9700,9580,9670
2009-05-07,9610,9640,9520,9570
2009-05-01,9090,9280,9060,9240
2009-04-30,8980,9090,8980,9090
2009-04-28,8930,9040,8720,8740
2009-04-27,9040,9070,8880,8960
2009-04-24,9070,9080,8920,8950
2009-04-23,9010,9100,8880,9060
2009-04-22,9020,9040,8910,9000
2009-04-21,8920,9000,8840,8980
2009-04-20,9120,9170,9040,9150
2009-04-17,9140,9190,9060,9150
2009-04-16,9110,9270,8950,8970
2009-04-15,9000,9030,8910,8960
2009-04-14,9220,9220,8980,9060
2009-04-13,9180,9260,9110,9120
2009-04-10,9300,9320,9080,9190
2009-04-09,8910,9170,8910,9150
2009-04-08,8950,8970,8790,8810
2009-04-07,9070,9130,9010,9100
2009-04-06,9150,9230,9050,9110
2009-04-03,9100,9130,8920,8940
2009-04-02,8770,8990,8670,8910
2009-04-01,8420,8620,8310,8590
2009-03-31,8400,8610,8280,8340
2009-03-30,8820,8860,8410,8420
2009-03-27,8910,9060,8820,8820
2009-03-26,8670,8920,8610,8920
2009-03-25,8650,8710,8550,8630
2009-03-24,8600,8670,8440,8610
2009-03-23,8090,8400,8080,8400
2009-03-19,8150,8190,8050,8080
2009-03-18,8160,8210,8040,8110
2009-03-17,7920,8130,7870,8120
2009-03-16,7770,7910,7770,7880
2009-03-13,7580,7730,7580,7730
2009-03-12,7490,7500,7300,7300
2009-03-11,7460,7550,7440,7530
2009-03-10,7200,7250,7170,7210
2009-03-09,7330,7380,7180,7200
2009-03-06,7370,7430,7300,7320
2009-03-05,7510,7690,7480,7560
2009-03-04,7280,7470,7250,7410
2009-03-03,7260,7440,7230,7360
2009-03-02,7470,7520,7380,7410
2009-02-27,7600,7740,7560,7720
2009-02-26,7600,7740,7570,7590
2009-02-25,7610,7630,7470,7610
2009-02-24,7350,7460,7300,7460
2009-02-23,7400,7570,7350,7540
2009-02-20,7700,7710,7530,7540
2009-02-19,7760,7790,7690,7700
2009-02-18,7650,7760,7620,7750
2009-02-17,7830,7860,7760,7810
2009-02-16,7880,7950,7840,7870
2009-02-13,7960,8040,7880,7910
2009-02-12,7960,8010,7830,7910
2009-02-10,8250,8290,8060,8110
2009-02-09,8390,8430,8060,8070
2009-02-06,8290,8330,8180,8210
2009-02-05,8090,8250,8040,8090
2009-02-04,8050,8230,8010,8160
2009-02-03,8000,8250,7930,7930
2009-02-02,7990,8110,7940,8010
2009-01-30,8190,8190,8060,8110
2009-01-29,8410,8460,8280,8330
2009-01-28,8190,8330,8070,8270
2009-01-27,7970,8260,7940,8220
2009-01-26,7880,7950,7730,7740
2009-01-23,8090,8090,7880,7890
2009-01-22,8150,8200,7960,8190
2009-01-21,7990,8160,7960,8060
2009-01-20,8310,8320,8100,8210
2009-01-19,8480,8500,8360,8420
2009-01-16,8300,8430,8210,8390
2009-01-15,8230,8300,8140,8200
2009-01-14,8540,8670,8510,8520
2009-01-13,8660,8660,8540,8550
2009-01-09,9060,9110,8930,8990
2009-01-08,9160,9220,9010,9010
2009-01-07,9290,9490,9280,9390
2009-01-06,9340,9360,9180,9200
2009-01-05,9320,9340,9170,9190
2008-12-30,8840,9050,8840,9020
2008-12-29,8880,8920,8780,8860
2008-12-26,8810,8920,8760,8870
2008-12-25,8690,8790,8680,8790
2008-12-24,8690,8760,8620,8670
2008-12-22,8700,8910,8700,8860
2008-12-19,8810,8910,8710,8740
2008-12-18,8680,8890,8640,8800
2008-12-17,8900,8930,8550,8760
2008-12-16,8730,8780,8610,8700
2008-12-15,8610,8840,8610,8780
2008-12-12,8570,8760,8210,8440
2008-12-11,8740,8860,8640,8810
2008-12-10,8510,8850,8500,8780
2008-12-09,8510,8640,8450,8530
2008-12-08,8120,8510,8100,8510
2008-12-05,8100,8170,8010,8030
2008-12-04,8180,8240,7980,8040
2008-12-03,8140,8200,8020,8170
2008-12-02,8030,8200,8000,8040
2008-12-01,8580,8590,8450,8530
2008-11-28,8510,8660,8470,8630
2008-11-27,8540,8600,8430,8500
2008-11-26,8320,8460,8270,8270
2008-11-25,8480,8530,8210,8450
2008-11-21,7550,8130,7510,8080
2008-11-20,8040,8130,7810,7810
2008-11-19,8440,8520,8260,8390
2008-11-18,8460,8580,8430,8450
2008-11-17,8490,8940,8350,8630
2008-11-14,8850,8850,8530,8600
2008-11-13,8390,8550,8270,8400
2008-11-12,8720,8920,8670,8850
2008-11-11,9050,9200,8830,8920
2008-11-10,9110,9290,9060,9290
2008-11-07,8520,9000,8370,8810
2008-11-06,9160,9220,8910,8950
2008-11-05,9520,9700,9380,9690
2008-11-04,9100,9300,9010,9240
2008-10-31,8900,9180,8580,8600
2008-10-30,8620,9270,8450,9160
2008-10-29,8350,8500,7880,8450
2008-10-28,7200,7860,7120,7860
2008-10-27,7600,8020,7220,7260
2008-10-24,8400,8420,7710,7770
2008-10-23,8390,8670,8130,8570
2008-10-22,9190,9210,8760,8790
2008-10-21,9440,9500,9270,9390
2008-10-20,8920,9220,8830,9220
2008-10-17,8870,8930,8680,8790
2008-10-16,8630,8880,8630,8630
2008-10-15,9420,9770,9380,9630
2008-10-14,9360,9360,9360,9360
2008-10-10,8630,8700,8310,8360
2008-10-09,9300,9590,9230,9310
2008-10-08,9920,9970,9180,9240
2008-10-07,10180,10510,10070,10320
2008-10-06,10910,10920,10530,10580
2008-10-03,11200,11290,11080,11100
2008-10-02,11610,11650,11300,11310
2008-10-01,11660,11660,11490,11560
2008-09-30,11320,11610,11270,11420
2008-09-29,12060,12250,11910,11920
2008-09-26,12200,12270,11960,12080
2008-09-25,12060,12230,12010,12180
2008-09-24,12080,12270,11990,12260
2008-09-22,12380,12400,12180,12180
2008-09-19,11900,12020,11820,12010
2008-09-18,11460,11620,11380,11550
2008-09-17,11850,11970,11800,11840
2008-09-16,11770,11780,11630,11720
2008-09-12,12330,12380,12170,12320
2008-09-11,12300,12350,12160,12200
2008-09-10,12250,12490,12220,12410
2008-09-09,12600,12610,12430,12490
2008-09-08,12570,12770,12550,12730
2008-09-05,12310,12360,12240,12290
2008-09-04,12710,12750,12600,12680
2008-09-03,12820,12860,12740,12790
2008-09-02,12910,13010,12590,12720
2008-09-01,13010,13040,12910,12920
2008-08-29,13050,13170,13030,13160
2008-08-28,12950,12950,12810,12880
2008-08-27,12830,12870,12770,12870
2008-08-26,12770,12890,12750,12860
2008-08-25,12950,13040,12930,12950
2008-08-22,12820,12830,12710,12770
2008-08-21,13000,13000,12800,12830
2008-08-20,12830,13010,12820,12940
2008-08-19,13040,13040,12870,12940
2008-08-18,13030,13360,13010,13260
2008-08-15,13080,13120,13030,13120
2008-08-14,13010,13180,12990,13020
2008-08-13,13280,13290,13030,13110
2008-08-12,13460,13510,13370,13400
2008-08-11,13380,13560,13380,13490
2008-08-08,13160,13350,13050,13270
2008-08-07,13350,13350,13130,13230
2008-08-06,13270,13380,13220,13310
2008-08-05,13060,13160,12980,12990
2008-08-04,13150,13220,13000,13030
2008-08-01,13360,13360,13130,13130
2008-07-31,13530,13570,13340,13450
2008-07-30,13400,13470,13370,13460
2008-07-29,13280,13280,13110,13230
2008-07-28,13520,13560,13420,13430
2008-07-25,13510,13550,13410,13450
2008-07-24,13540,13740,13500,13740
2008-07-23,13380,13480,13320,13450
2008-07-22,13100,13300,13040,13280
2008-07-18,13100,13110,12850,12900
2008-07-17,13000,13020,12940,12980
2008-07-16,12790,12910,12760,12810
2008-07-15,12980,12980,12800,12850
2008-07-14,13080,13270,13050,13120
2008-07-11,13150,13260,13000,13160
2008-07-10,13020,13230,13010,13120
2008-07-09,13320,13380,13120,13190
2008-07-08,13400,13420,13060,13090
2008-07-07,13310,13500,13260,13480
2008-07-04,13410,13410,13230,13360
2008-07-03,13260,13430,13220,13300
2008-07-02,13810,13820,13530,13560
2008-07-01,13800,13870,13740,13750
2008-06-30,13850,13900,13740,13740
2008-06-27,13800,13880,13750,13830
2008-06-26,14180,14260,14100,14110
2008-06-25,14080,14160,13940,14160
2008-06-24,14060,14170,14020,14160
2008-06-23,14000,14210,13950,14140
2008-06-20,14450,14490,14180,14240
2008-06-19,14580,14590,14350,14410
2008-06-18,14630,14770,14610,14720
2008-06-17,14690,14700,14590,14660
2008-06-16,14480,14670,14400,14620
2008-06-13,14300,14340,14100,14260
2008-06-12,14230,14230,14110,14160
2008-06-11,14430,14500,14290,14480
2008-06-10,14570,14610,14280,14330
2008-06-09,14390,14560,14360,14510
2008-06-06,14880,14910,14780,14790
2008-06-05,14670,14680,14550,14640
2008-06-04,14590,14720,14550,14680
2008-06-03,14520,14580,14420,14470
2008-06-02,14670,14760,14480,14710
2008-05-30,14490,14660,14480,14630
2008-05-29,14160,14440,14150,14430
2008-05-28,14250,14280,13960,14000
2008-05-27,14050,14220,14050,14220
2008-05-26,14130,14160,13960,13980
2008-05-23,14250,14450,14200,14320
2008-05-22,14010,14290,13940,14290
2008-05-21,14280,14340,14120,14190
2008-05-20,14530,14580,14420,14470
2008-05-19,14640,14650,14510,14570
2008-05-16,14660,14710,14490,14530
2008-05-15,14490,14650,14470,14550
2008-05-14,14280,14430,14170,14400
2008-05-13,14110,14300,14010,14300
2008-05-12,13850,14090,13840,14040
2008-05-09,14220,14240,13920,13950
2008-05-08,14270,14310,14220,14240
2008-05-07,14470,14500,14310,14420
2008-05-02,14330,14370,14270,14330
2008-05-01,14120,14170,14010,14060
2008-04-30,14080,14270,14060,14110
2008-04-28,14220,14300,14030,14180
2008-04-25,13950,14180,13920,14120
2008-04-24,13900,13950,13780,13850
2008-04-23,13740,14010,13730,13900
2008-04-22,13860,13880,13800,13820
2008-04-21,14020,14060,13930,13980
2008-04-18,13750,13780,13610,13760
2008-04-17,13730,13790,13640,13730
2008-04-16,13450,13510,13400,13460
2008-04-15,13250,13350,13160,13250
2008-04-14,13220,13270,13130,13230
2008-04-11,13370,13630,13340,13620
2008-04-10,13290,13350,13180,13220
2008-04-09,13610,13640,13280,13390
2008-04-08,13660,13690,13520,13560
2008-04-07,13510,13770,13500,13740
2008-04-04,13530,13660,13490,13540
2008-04-03,13460,13690,13400,13670
2008-04-02,13410,13480,13340,13470
2008-04-01,12830,13070,12810,12940
2008-03-31,12990,13010,12700,12770
2008-03-28,12870,13170,12790,13100
2008-03-27,12850,12910,12750,12870
2008-03-26,13000,13030,12870,13030
2008-03-25,12890,12990,12760,12980
2008-03-24,12640,12770,12610,12670
2008-03-21,12510,12670,12480,12650
2008-03-19,12600,12630,12320,12490
2008-03-18,11990,12190,11990,12150
2008-03-17,12210,12260,11860,11990
2008-03-14,12670,12780,12340,12460
2008-03-13,12860,12950,12530,12600
2008-03-12,13320,13320,12980,13080
2008-03-11,12510,12860,12510,12790
2008-03-10,12860,12970,12710,12740
2008-03-07,12980,13060,12930,12950
2008-03-06,13260,13560,13230,13420
2008-03-05,13180,13240,13100,13170
2008-03-04,13320,13320,13060,13140
2008-03-03,13380,13390,13180,13200
2008-02-29,13810,13860,13710,13780
2008-02-28,14060,14150,13980,14100
2008-02-27,14250,14310,14150,14210
2008-02-26,14250,14290,13990,14080
2008-02-25,13820,14160,13800,14080
2008-02-22,13690,13730,13560,13710
2008-02-21,13700,13980,13670,13870
2008-02-20,13910,13920,13470,13490
2008-02-19,13990,14040,13870,13940
2008-02-18,13820,14020,13770,13780
2008-02-15,13630,13860,13530,13820
2008-02-14,13610,13830,13600,13810
2008-02-13,13420,13440,13210,13280
2008-02-12,13190,13320,13110,13160
2008-02-08,13290,13460,13170,13220
2008-02-07,13240,13420,13170,13390
2008-02-06,13490,13550,13240,13260
2008-02-05,13980,14010,13840,13930
2008-02-04,13930,14080,13920,14050
2008-02-01,13710,13840,13610,13670
2008-01-31,13310,13810,13310,13740
2008-01-30,13650,13710,13450,13600
2008-01-29,13560,13700,13410,13620
2008-01-28,13610,13660,13210,13230
2008-01-25,13510,13850,13480,13830
2008-01-24,13200,13330,13110,13260
2008-01-23,13230,13300,12790,12980
2008-01-22,12940,13140,12700,12700
2008-01-21,13790,13840,13470,13470
2008-01-18,13560,14100,13540,13990
2008-01-17,13820,14000,13650,13910
2008-01-16,13800,14040,13660,13660
2008-01-15,14320,14420,14100,14150
2008-01-11,14670,14670,14270,14330
2008-01-10,14720,14780,14560,14580
2008-01-09,14500,14800,14440,14760
2008-01-08,14630,14740,14550,14720
2008-01-07,14670,14880,14600,14630
2008-01-04,15050,15100,14740,14970
